eq,correct_terms,n_extra,n_missing,max_rel_coef_err,recovered,case,omega,replicates,seed,num,end,n_step,degree
dx1/dt,False,120,0,124059.68550664608,165.149 x1^5 - 68.624 x1^4 x2 - 311.916 x1^4 x3 - 73.968 x1^4 x4 - 445.093 x1^4 + 1389.495 x1^3 x2^2 - 779.835 x1^3 x2 x3 - 750.887 x1^3 x2 x4 - 4448.596 x1^3 x2 + 925.499 x1^3 x3^2 + 294.413 x1^3 x3 x4 + 1286.766 x1^3 x3 + 290.244 x1^3 x4^2 + 874.374 x1^3 x4 + 4338.118 x1^3 + 3391.786 x1^2 x2^3 + 8432.745 x1^2 x2^2 x3 + 1978.617 x1^2 x2^2 x4 - 39377.387 x1^2 x2^2 + 3132.830 x1^2 x2 x3^2 - 2393.006 x1^2 x2 x3 x4 - 36730.743 x1^2 x2 x3 - 949.013 x1^2 x2 x4^2 - 917.279 x1^2 x2 x4 + 115185.266 x1^2 x2 + 420.422 x1^2 x3^3 - 13949.250 x1^2 x3^2 + 259.010 x1^2 x3 x4^2 + 3751.337 x1^2 x3 x4 + 48180.722 x1^2 x3 + 797.025 x1^2 x4^2 - 3746.772 x1^2 x4 - 101746.510 x1^2 - 3071.601 x1 x2^4 - 2141.647 x1 x2^3 x3 + 2405.324 x1 x2^3 x4 + 14829.882 x1 x2^3 + 15845.926 x1 x2^2 x3^2 + 4304.986 x1 x2^2 x3 x4 - 40463.108 x1 x2^2 x3 + 512.192 x1 x2^2 x4^2 - 26313.729 x1 x2^2 x4 + 44367.320 x1 x2^2 - 5956.610 x1 x2 x3^3 - 2076.547 x1 x2 x3^2 x4 - 66979.981 x1 x2 x3^2 - 677.993 x1 x2 x3 x4^2 - 7916.862 x1 x2 x3 x4 + 206956.034 x1 x2 x3 - 1003.764 x1 x2 x4^3 + 5338.434 x1 x2 x4^2 + 57263.955 x1 x2 x4 - 263574.370 x1 x2 - 1968.157 x1 x3^4 - 2719.294 x1 x3^3 x4 + 17982.902 x1 x3^3 + 2303.515 x1 x3^2 x4^2 + 4601.037 x1 x3^2 x4 + 77595.013 x1 x3^2 - 170.709 x1 x3 x4^3 - 1442.496 x1 x3 x4^2 + 1202.706 x1 x3 x4 - 247663.376 x1 x3 + 2292.401 x1 x4^3 - 11986.595 x1 x4^2 - 29495.136 x1 x4 + 280699.322 x1 + 2692.630 x2^5 - 5800.247 x2^4 x3 + 750.982 x2^4 x4 - 22878.318 x2^4 - 3175.927 x2^3 x3^2 + 1100.156 x2^3 x3 x4 + 54652.444 x2^3 x3 - 1946.007 x2^3 x4^2 - 4926.611 x2^3 x4 + 75853.760 x2^3 - 9301.793 x2^2 x3^3 + 13849.740 x2^2 x3^2 + 1576.150 x2^2 x3 x4^2 - 19681.457 x2^2 x3 x4 - 133954.399 x2^2 x3 - 729.529 x2^2 x4^3 + 15562.513 x2^2 x4^2 + 17886.377 x2^2 x4 - 165447.176 x2^2 - 21229.182 x2 x3^4 - 7284.990 x2 x3^3 x4 + 120502.410 x2 x3^3 + 4857.408 x2 x3^2 x4^2 + 670.480 x2 x3^2 x4 - 89468.372 x2 x3^2 - 730.035 x2 x3 x4^3 - 9583.424 x2 x3 x4^2 + 74108.242 x2 x3 x4 + 57262.437 x2 x3 + 2.156 x2 x4^4 + 5139.090 x2 x4^3 - 48854.931 x2 x4^2 - 25649.249 x2 x4 + 280968.600 x2 - 3847.554 x3^5 + 167.254 x3^4 x4 + 57122.861 x3^4 + 1992.608 x3^3 x4^2 + 12316.487 x3^3 x4 - 221892.440 x3^3 - 126.738 x3^2 x4^3 - 17988.307 x3^2 x4^2 + 15116.030 x3^2 x4 + 144153.890 x3^2 - 91.479 x3 x4^4 + 2664.520 x3 x4^3 + 18177.096 x3 x4^2 - 94315.958 x3 x4 + 91597.660 x3 - 45.999 x4^5 + 382.399 x4^4 - 9184.805 x4^3 + 52826.621 x4^2 + 8339.256 x4 - 229003.217,SSA omega=1000 R=1 seed=0,1000.0,1,0,35,0.01,10,5
dx2/dt,False,122,0,444472.7230917741,170.834 x1^5 + 659.718 x1^4 x2 + 534.499 x1^4 x3 - 245.712 x1^4 x4 - 2587.119 x1^4 - 2550.146 x1^3 x2^2 + 108.994 x1^3 x2 x3 + 2277.542 x1^3 x2 x4 + 3681.876 x1^3 x2 + 2724.135 x1^3 x3^2 + 79.811 x1^3 x3 x4 - 6638.189 x1^3 x3 - 282.266 x1^3 x4^2 - 2674.815 x1^3 x4 + 6878.683 x1^3 - 4746.220 x1^2 x2^3 - 17614.293 x1^2 x2^2 x3 + 3808.145 x1^2 x2^2 x4 + 45822.074 x1^2 x2^2 - 8484.060 x1^2 x2 x3^2 + 3833.990 x1^2 x2 x3 x4 + 79199.052 x1^2 x2 x3 - 174.511 x1^2 x2 x4^2 - 28161.086 x1^2 x2 x4 - 107032.028 x1^2 x2 - 1566.209 x1^2 x3^3 + 806.535 x1^2 x3^2 x4 + 9640.313 x1^2 x3^2 - 9865.829 x1^2 x3 x4 - 68403.358 x1^2 x3 + 568.536 x1^2 x4^3 - 1543.671 x1^2 x4^2 + 41892.365 x1^2 x4 + 59439.238 x1^2 - 7230.343 x1 x2^4 - 24001.937 x1 x2^3 x3 + 2640.094 x1 x2^3 x4 + 88856.680 x1 x2^3 - 22283.868 x1 x2^2 x3^2 + 4445.272 x1 x2^2 x3 x4 + 228618.525 x1 x2^2 x3 - 859.793 x1 x2^2 x4^2 - 26814.035 x1 x2^2 x4 - 406428.673 x1 x2^2 - 17578.867 x1 x2 x3^3 + 157932.763 x1 x2 x3^2 - 4645.573 x1 x2 x3 x4^2 - 13488.073 x1 x2 x3 x4 - 697297.658 x1 x2 x3 - 1159.872 x1 x2 x4^3 + 13709.454 x1 x2 x4^2 + 74445.693 x1 x2 x4 + 791836.538 x1 x2 - 1765.095 x1 x3^4 - 4095.981 x1 x3^3 x4 + 57656.568 x1 x3^3 + 181.182 x1 x3^2 x4^2 + 5549.205 x1 x3^2 x4 - 256481.990 x1 x3^2 + 1758.616 x1 x3 x4^3 + 647.578 x1 x3 x4^2 + 21566.256 x1 x3 x4 + 667618.808 x1 x3 + 190.950 x1 x4^4 - 1504.830 x1 x4^3 - 9520.928 x1 x4^2 - 80599.504 x1 x4 - 542325.390 x1 + 3321.267 x2^5 - 4209.136 x2^4 x3 - 1733.636 x2^4 x4 - 21010.544 x2^4 - 21488.776 x2^3 x3^2 + 3408.219 x2^3 x3 x4 + 88669.136 x2^3 x3 - 476.360 x2^3 x4^2 + 10656.598 x2^3 x4 - 5692.871 x2^3 - 27874.469 x2^2 x3^3 + 7782.101 x2^2 x3^2 x4 + 208151.958 x2^2 x3^2 + 1322.837 x2^2 x3 x4^2 - 43529.023 x2^2 x3 x4 - 525140.334 x2^2 x3 - 987.777 x2^2 x4^3 + 8177.251 x2^2 x4^2 - 15828.626 x2^2 x4 + 311183.666 x2^2 - 8255.660 x2 x3^4 - 728.773 x2 x3^3 x4 + 172320.734 x2 x3^3 - 6036.853 x2 x3^2 x4^2 - 12990.905 x2 x3^2 x4 - 706019.770 x2 x3^2 - 1329.500 x2 x3 x4^3 + 17224.666 x2 x3 x4^2 + 80517.705 x2 x3 x4 + 1291354.734 x2 x3 - 417.361 x2 x4^4 + 10499.163 x2 x4^3 - 60974.192 x2 x4^2 + 43716.809 x2 x4 - 811576.444 x2 - 4370.418 x3^5 + 1409.756 x3^4 x4 + 34259.426 x3^4 - 4186.858 x3^3 x4^2 + 16837.154 x3^3 x4 - 288741.982 x3^3 + 520.443 x3^2 x4^3 + 19713.556 x3^2 x4^2 - 42000.689 x3^2 x4 + 831309.641 x3^2 + 413.108 x3 x4^4 - 3219.155 x3 x4^3 - 26330.177 x3 x4^2 - 10334.166 x3 x4 - 1160311.212 x3 + 5.839 x4^5 + 245.869 x4^4 - 11044.996 x4^3 + 75757.716 x4^2 - 66597.776 x4 + 654886.210,SSA omega=1000 R=1 seed=0,1000.0,1,0,35,0.01,10,5
dx3/dt,False,122,0,444472.7230917741,-170.834 x1^5 - 659.718 x1^4 x2 - 534.499 x1^4 x3 + 245.712 x1^4 x4 + 2587.119 x1^4 + 2550.146 x1^3 x2^2 - 108.994 x1^3 x2 x3 - 2277.542 x1^3 x2 x4 - 3681.876 x1^3 x2 - 2724.135 x1^3 x3^2 - 79.811 x1^3 x3 x4 + 6638.189 x1^3 x3 + 282.266 x1^3 x4^2 + 2674.815 x1^3 x4 - 6878.683 x1^3 + 4746.220 x1^2 x2^3 + 17614.293 x1^2 x2^2 x3 - 3808.145 x1^2 x2^2 x4 - 45822.074 x1^2 x2^2 + 8484.060 x1^2 x2 x3^2 - 3833.990 x1^2 x2 x3 x4 - 79199.052 x1^2 x2 x3 + 174.511 x1^2 x2 x4^2 + 28161.086 x1^2 x2 x4 + 107032.028 x1^2 x2 + 1566.209 x1^2 x3^3 - 806.535 x1^2 x3^2 x4 - 9640.313 x1^2 x3^2 + 9865.829 x1^2 x3 x4 + 68403.358 x1^2 x3 - 568.536 x1^2 x4^3 + 1543.671 x1^2 x4^2 - 41892.365 x1^2 x4 - 59439.238 x1^2 + 7230.343 x1 x2^4 + 24001.937 x1 x2^3 x3 - 2640.094 x1 x2^3 x4 - 88856.680 x1 x2^3 + 22283.868 x1 x2^2 x3^2 - 4445.272 x1 x2^2 x3 x4 - 228618.525 x1 x2^2 x3 + 859.793 x1 x2^2 x4^2 + 26814.035 x1 x2^2 x4 + 406428.673 x1 x2^2 + 17578.867 x1 x2 x3^3 - 157932.763 x1 x2 x3^2 + 4645.573 x1 x2 x3 x4^2 + 13488.073 x1 x2 x3 x4 + 697297.658 x1 x2 x3 + 1159.872 x1 x2 x4^3 - 13709.454 x1 x2 x4^2 - 74445.693 x1 x2 x4 - 791836.538 x1 x2 + 1765.095 x1 x3^4 + 4095.981 x1 x3^3 x4 - 57656.568 x1 x3^3 - 181.182 x1 x3^2 x4^2 - 5549.205 x1 x3^2 x4 + 256481.990 x1 x3^2 - 1758.616 x1 x3 x4^3 - 647.578 x1 x3 x4^2 - 21566.256 x1 x3 x4 - 667618.808 x1 x3 - 190.950 x1 x4^4 + 1504.830 x1 x4^3 + 9520.928 x1 x4^2 + 80599.504 x1 x4 + 542325.390 x1 - 3321.267 x2^5 + 4209.136 x2^4 x3 + 1733.636 x2^4 x4 + 21010.544 x2^4 + 21488.776 x2^3 x3^2 - 3408.219 x2^3 x3 x4 - 88669.136 x2^3 x3 + 476.360 x2^3 x4^2 - 10656.598 x2^3 x4 + 5692.871 x2^3 + 27874.469 x2^2 x3^3 - 7782.101 x2^2 x3^2 x4 - 208151.958 x2^2 x3^2 - 1322.837 x2^2 x3 x4^2 + 43529.023 x2^2 x3 x4 + 525140.334 x2^2 x3 + 987.777 x2^2 x4^3 - 8177.251 x2^2 x4^2 + 15828.626 x2^2 x4 - 311183.666 x2^2 + 8255.660 x2 x3^4 + 728.773 x2 x3^3 x4 - 172320.734 x2 x3^3 + 6036.853 x2 x3^2 x4^2 + 12990.905 x2 x3^2 x4 + 706019.770 x2 x3^2 + 1329.500 x2 x3 x4^3 - 17224.666 x2 x3 x4^2 - 80517.705 x2 x3 x4 - 1291354.734 x2 x3 + 417.361 x2 x4^4 - 10499.163 x2 x4^3 + 60974.192 x2 x4^2 - 43716.809 x2 x4 + 811576.444 x2 + 4370.418 x3^5 - 1409.756 x3^4 x4 - 34259.426 x3^4 + 4186.858 x3^3 x4^2 - 16837.154 x3^3 x4 + 288741.982 x3^3 - 520.443 x3^2 x4^3 - 19713.556 x3^2 x4^2 + 42000.689 x3^2 x4 - 831309.641 x3^2 - 413.108 x3 x4^4 + 3219.155 x3 x4^3 + 26330.177 x3 x4^2 + 10334.166 x3 x4 + 1160311.212 x3 - 5.839 x4^5 - 245.869 x4^4 + 11044.996 x4^3 - 75757.716 x4^2 + 66597.776 x4 - 654886.210,SSA omega=1000 R=1 seed=0,1000.0,1,0,35,0.01,10,5
dx4/dt,False,113,0,18756.02153316107,16.162 x1^5 + 159.827 x1^4 x2 + 178.649 x1^4 x3 + 23.164 x1^4 x4 - 627.462 x1^4 + 521.808 x1^3 x2^2 - 177.623 x1^3 x2 x4 - 2875.415 x1^3 x2 - 52.913 x1^3 x3 x4 - 731.395 x1^3 x3 + 17.256 x1^3 x4^2 + 270.341 x1^3 x4 + 4709.110 x1^3 - 538.801 x1^2 x2^3 - 363.377 x1^2 x2^2 x3 + 42.875 x1^2 x2^2 x4 + 1907.306 x1^2 x2^2 + 1677.264 x1^2 x2 x3 + 496.897 x1^2 x2 x4 + 47.224 x1^2 x2 - 645.575 x1^2 x3^3 - 4.016 x1^2 x3^2 x4 + 1526.832 x1^2 x3^2 - 63.720 x1^2 x3 x4^2 + 389.141 x1^2 x3 x4 - 2150.415 x1^2 x3 - 31.948 x1^2 x4^3 + 158.086 x1^2 x4^2 - 1531.589 x1^2 x4 - 4197.275 x1^2 - 1.708 x1 x2^4 - 323.391 x1 x2^3 x3 - 347.740 x1 x2^3 x4 + 1837.075 x1 x2^3 - 1132.381 x1 x2^2 x3^2 - 74.071 x1 x2^2 x3 x4 + 3993.285 x1 x2^2 x3 + 49.526 x1 x2^2 x4^2 + 2185.257 x1 x2^2 x4 - 10927.307 x1 x2^2 + 4885.942 x1 x2 x3^2 + 93.843 x1 x2 x3 x4 - 12265.754 x1 x2 x3 + 50.379 x1 x2 x4^3 - 441.416 x1 x2 x4^2 - 4806.927 x1 x2 x4 + 20643.991 x1 x2 + 168.632 x1 x3^4 - 14.316 x1 x3^3 x4 + 1152.628 x1 x3^3 - 68.749 x1 x3^2 x4^2 + 292.089 x1 x3^2 x4 - 8637.945 x1 x3^2 + 205.933 x1 x3 x4^2 - 681.313 x1 x3 x4 + 13283.323 x1 x3 - 20.125 x1 x4^4 + 90.220 x1 x4^3 + 9.960 x1 x4^2 + 4809.650 x1 x4 - 12663.088 x1 - 654.878 x2^5 + 595.680 x2^4 x3 - 151.781 x2^4 x4 + 7288.743 x2^4 - 421.443 x2^3 x3^2 - 1110.561 x2^3 x3 x4 - 2487.888 x2^3 x3 + 2436.515 x2^3 x4 - 34402.348 x2^3 + 4195.288 x2^2 x3^2 - 270.895 x2^2 x3 x4^2 + 8730.552 x2^2 x3 x4 - 3853.672 x2^2 x3 + 38.323 x2^2 x4^3 - 128.350 x2^2 x4^2 - 11958.121 x2^2 x4 + 85532.117 x2^2 - 278.338 x2 x3^4 + 252.460 x2 x3^3 x4 + 328.770 x2 x3^3 - 255.080 x2 x3^2 x4^2 + 426.134 x2 x3^2 x4 - 12367.108 x2 x3^2 + 18.978 x2 x3 x4^3 + 1503.843 x2 x3 x4^2 - 22981.534 x2 x3 x4 + 26937.741 x2 x3 + 15.115 x2 x4^4 - 358.805 x2 x4^3 + 1101.768 x2 x4^2 + 23176.826 x2 x4 - 109683.224 x2 + 814.822 x3^5 + 38.498 x3^4 x4 - 2455.557 x3^4 - 78.484 x3^3 x4^2 - 502.503 x3^3 x4 + 2826.492 x3^3 - 21.941 x3^2 x4^3 + 893.434 x3^2 x4^2 - 1546.665 x3^2 x4 + 10366.508 x3^2 + 15.765 x3 x4^4 - 112.850 x3 x4^3 - 2101.599 x3 x4^2 + 20550.037 x3 x4 - 28306.954 x3 + 1.136 x4^5 - 37.898 x4^4 + 570.243 x4^3 - 1562.865 x4^2 - 15925.897 x4 + 56920.735,SSA omega=1000 R=1 seed=0,1000.0,1,0,35,0.01,10,5
dx1/dt,False,120,0,573294.7234390323,-196.337 x1^5 + 1022.053 x1^4 x2 + 1697.762 x1^4 x3 - 347.318 x1^4 x4 - 983.848 x1^4 + 10562.443 x1^3 x2^2 - 1391.512 x1^3 x2 x3 - 5210.075 x1^3 x2 x4 - 38550.398 x1^3 x2 + 2941.781 x1^3 x3^2 + 2831.211 x1^3 x3 x4 - 14860.784 x1^3 x3 + 474.496 x1^3 x4^2 + 8414.152 x1^3 x4 + 38956.698 x1^3 + 5648.303 x1^2 x2^3 + 46217.465 x1^2 x2^2 x3 + 9468.189 x1^2 x2^2 x4 - 125980.812 x1^2 x2^2 + 3932.453 x1^2 x2 x3^2 - 17984.696 x1^2 x2 x3 x4 - 159846.686 x1^2 x2 x3 - 6687.579 x1^2 x2 x4^2 + 18905.399 x1^2 x2 x4 + 372848.391 x1^2 x2 - 9279.401 x1^2 x3^3 - 414.295 x1^2 x3^2 x4 + 692.223 x1^2 x3^2 + 2627.923 x1^2 x3 x4^2 + 16486.816 x1^2 x3 x4 + 175292.440 x1^2 x3 - 392.915 x1^2 x4^3 + 11552.985 x1^2 x4^2 - 59509.417 x1^2 x4 - 310050.886 x1^2 - 3430.440 x1 x2^4 - 13067.322 x1 x2^3 x3 + 760.179 x1 x2^3 x4 + 17549.905 x1 x2^3 - 6150.864 x1 x2^2 x3^2 + 33177.250 x1 x2^2 x3 x4 - 98560.909 x1 x2^2 x3 + 10475.803 x1 x2^2 x4^2 - 87085.351 x1 x2^2 x4 + 227859.292 x1 x2^2 + 3212.569 x1 x2 x3^3 - 13552.310 x1 x2 x3^2 x4 + 43484.463 x1 x2 x3^2 - 13126.862 x1 x2 x3 x4^2 - 12372.717 x1 x2 x3 x4 + 406760.661 x1 x2 x3 - 3452.141 x1 x2 x4^3 - 1023.532 x1 x2 x4^2 + 157136.736 x1 x2 x4 - 825432.481 x1 x2 - 8548.849 x1 x3^4 - 9782.616 x1 x3^3 x4 + 64308.595 x1 x3^3 + 1783.222 x1 x3^2 x4^2 + 53382.260 x1 x3^2 x4 - 184515.474 x1 x3^2 - 1421.434 x1 x3 x4^3 + 21872.224 x1 x3 x4^2 - 98598.456 x1 x3 x4 - 280860.975 x1 x3 + 599.772 x1 x4^4 + 4748.316 x1 x4^3 - 29282.882 x1 x4^2 - 3573.559 x1 x4 + 674996.343 x1 - 2109.434 x2^5 - 1426.480 x2^4 x3 - 5916.885 x2^4 x4 + 39971.451 x2^4 - 34113.529 x2^3 x3^2 - 15447.359 x2^3 x3 x4 + 88341.614 x2^3 x3 + 966.681 x2^3 x4^2 + 55851.549 x2^3 x4 - 252390.649 x2^3 - 8816.348 x2^2 x3^3 + 237259.054 x2^2 x3^2 + 14146.890 x2^2 x3 x4^2 + 7351.896 x2^2 x3 x4 - 335134.847 x2^2 x3 + 2520.404 x2^2 x4^3 - 46088.386 x2^2 x4^2 - 39545.906 x2^2 x4 + 494533.052 x2^2 + 1631.632 x2 x3^4 - 25352.376 x2 x3^3 x4 + 58060.577 x2 x3^3 - 1775.004 x2 x3^2 x4^2 + 96261.909 x2 x3^2 x4 - 657034.292 x2 x3^2 - 6285.928 x2 x3 x4^3 - 4374.274 x2 x3 x4^2 - 83624.157 x2 x3 x4 + 561502.592 x2 x3 + 539.549 x2 x4^4 - 5128.280 x2 x4^3 + 118258.112 x2 x4^2 - 134793.920 x2 x4 - 229754.791 x2 - 23948.003 x3^4 x4 + 47206.919 x3^4 + 151017.798 x3^3 x4 - 293595.376 x3^3 - 1303.459 x3^2 x4^3 + 10033.355 x3^2 x4^2 - 351323.779 x3^2 x4 + 943583.109 x3^2 + 16669.798 x3 x4^3 - 61718.782 x3 x4^2 + 357531.220 x3 x4 - 631333.980 x3 + 201.318 x4^5 - 3961.503 x4^4 + 11021.086 x4^3 - 80518.205 x4^2 + 86505.726 x4 - 57355.417,SSA omega=1000 R=1 seed=1,1000.0,1,1,35,0.01,10,5
dx2/dt,False,120,0,91930.2292016211,-241.886 x1^5 + 516.267 x1^4 x2 - 621.822 x1^4 x3 - 312.170 x1^4 x4 + 1996.466 x1^4 + 3590.094 x1^3 x2^2 - 334.904 x1^3 x2 x3 - 17802.757 x1^3 x2 + 951.167 x1^3 x3^2 + 919.451 x1^3 x3 x4 + 1024.349 x1^3 x3 + 310.872 x1^3 x4^2 - 230.138 x1^3 x4 + 12406.565 x1^3 - 261.525 x1^2 x2^3 + 734.538 x1^2 x2^2 x3 - 12526.920 x1^2 x2^2 - 6499.112 x1^2 x2 x3^2 + 1621.889 x1^2 x2 x3 x4 + 4023.460 x1^2 x2 x3 - 802.777 x1^2 x2 x4^2 + 3877.873 x1^2 x2 x4 + 54991.961 x1^2 x2 - 3015.789 x1^2 x3^3 - 2040.619 x1^2 x3^2 x4 + 16485.180 x1^2 x3^2 + 892.903 x1^2 x3 x4^2 - 7353.995 x1^2 x3 x4 - 8146.186 x1^2 x3 - 89.415 x1^2 x4^3 + 368.330 x1^2 x4^2 - 3600.580 x1^2 x4 - 49712.206 x1^2 + 1377.086 x1 x2^4 + 4687.529 x1 x2^3 x3 - 2521.541 x1 x2^3 x4 - 12164.628 x1 x2^3 - 27535.062 x1 x2^2 x3^2 + 1483.011 x1 x2^2 x3 x4 - 1619.023 x1 x2^2 x3 + 1491.381 x1 x2^2 x4^2 + 14681.918 x1 x2^2 x4 + 47103.185 x1 x2^2 + 7708.944 x1 x2 x3^3 + 5425.386 x1 x2 x3^2 x4 + 107575.179 x1 x2 x3^2 - 348.112 x1 x2 x3 x4^2 - 15314.106 x1 x2 x3 x4 - 53205.892 x1 x2 x3 - 813.076 x1 x2 x4^3 - 665.819 x1 x2 x4^2 - 41788.153 x1 x2 x4 - 77969.007 x1 x2 - 2868.831 x1 x3^4 - 613.896 x1 x3^3 x4 + 399.158 x1 x3^3 - 934.410 x1 x3^2 x4^2 - 403.634 x1 x3^2 x4 - 129413.954 x1 x3^2 - 1309.043 x1 x3 x4^3 + 5337.159 x1 x3 x4^2 + 17179.039 x1 x3 x4 + 82414.755 x1 x3 + 291.239 x1 x4^4 + 882.231 x1 x4^3 - 3284.021 x1 x4^2 + 42385.257 x1 x4 + 39133.254 x1 + 7261.338 x2^5 + 22312.990 x2^4 x3 - 7063.201 x2^4 x4 - 86206.979 x2^4 + 1292.236 x2^3 x3^2 - 24590.169 x2^3 x3 x4 - 174267.016 x2^3 x3 + 1641.265 x2^3 x4^2 + 79502.349 x2^3 x4 + 384650.019 x2^3 - 22573.968 x2^2 x3^2 x4 + 69577.751 x2^2 x3^2 - 422.916 x2^2 x3 x4^2 + 200226.655 x2^2 x3 x4 + 381274.901 x2^2 x3 + 1323.878 x2^2 x4^3 - 20133.405 x2^2 x4^2 - 315981.236 x2^2 x4 - 779568.371 x2^2 - 2547.117 x2 x3^4 - 1466.082 x2 x3^3 x4 - 13516.030 x2 x3^3 + 95642.324 x2 x3^2 x4 - 277890.980 x2 x3^2 - 1980.514 x2 x3 x4^3 + 13192.176 x2 x3 x4^2 - 526540.454 x2 x3 x4 - 140258.447 x2 x3 + 297.217 x2 x4^4 - 5449.054 x2 x4^3 + 56130.158 x2 x4^2 + 547550.551 x2 x4 + 673384.598 x2 - 3303.559 x3^5 - 8748.057 x3^4 x4 + 40458.330 x3^4 + 1558.418 x3^3 x4^2 + 26441.796 x3^3 x4 - 59113.956 x3^3 - 199.932 x3^2 x4^3 - 208.498 x3^2 x4^2 - 132519.654 x3^2 x4 + 350355.710 x3^2 - 140.887 x3 x4^4 + 7220.727 x3 x4^3 - 37021.815 x3 x4^2 + 476809.011 x3 x4 - 239984.930 x3 + 61.361 x4^5 - 1520.282 x4^4 + 8085.469 x4^3 - 45367.334 x4^2 - 358363.364 x4 - 154514.908,SSA omega=1000 R=1 seed=1,1000.0,1,1,35,0.01,10,5
dx3/dt,False,120,0,91930.2292016211,241.886 x1^5 - 516.267 x1^4 x2 + 621.822 x1^4 x3 + 312.170 x1^4 x4 - 1996.466 x1^4 - 3590.094 x1^3 x2^2 + 334.904 x1^3 x2 x3 + 17802.757 x1^3 x2 - 951.167 x1^3 x3^2 - 919.451 x1^3 x3 x4 - 1024.349 x1^3 x3 - 310.872 x1^3 x4^2 + 230.138 x1^3 x4 - 12406.565 x1^3 + 261.525 x1^2 x2^3 - 734.538 x1^2 x2^2 x3 + 12526.920 x1^2 x2^2 + 6499.112 x1^2 x2 x3^2 - 1621.889 x1^2 x2 x3 x4 - 4023.460 x1^2 x2 x3 + 802.777 x1^2 x2 x4^2 - 3877.873 x1^2 x2 x4 - 54991.961 x1^2 x2 + 3015.789 x1^2 x3^3 + 2040.619 x1^2 x3^2 x4 - 16485.180 x1^2 x3^2 - 892.903 x1^2 x3 x4^2 + 7353.995 x1^2 x3 x4 + 8146.186 x1^2 x3 + 89.415 x1^2 x4^3 - 368.330 x1^2 x4^2 + 3600.580 x1^2 x4 + 49712.206 x1^2 - 1377.086 x1 x2^4 - 4687.529 x1 x2^3 x3 + 2521.541 x1 x2^3 x4 + 12164.628 x1 x2^3 + 27535.062 x1 x2^2 x3^2 - 1483.011 x1 x2^2 x3 x4 + 1619.023 x1 x2^2 x3 - 1491.381 x1 x2^2 x4^2 - 14681.918 x1 x2^2 x4 - 47103.185 x1 x2^2 - 7708.944 x1 x2 x3^3 - 5425.386 x1 x2 x3^2 x4 - 107575.179 x1 x2 x3^2 + 348.112 x1 x2 x3 x4^2 + 15314.106 x1 x2 x3 x4 + 53205.892 x1 x2 x3 + 813.076 x1 x2 x4^3 + 665.819 x1 x2 x4^2 + 41788.153 x1 x2 x4 + 77969.007 x1 x2 + 2868.831 x1 x3^4 + 613.896 x1 x3^3 x4 - 399.158 x1 x3^3 + 934.410 x1 x3^2 x4^2 + 403.634 x1 x3^2 x4 + 129413.954 x1 x3^2 + 1309.043 x1 x3 x4^3 - 5337.159 x1 x3 x4^2 - 17179.039 x1 x3 x4 - 82414.755 x1 x3 - 291.239 x1 x4^4 - 882.231 x1 x4^3 + 3284.021 x1 x4^2 - 42385.257 x1 x4 - 39133.254 x1 - 7261.338 x2^5 - 22312.990 x2^4 x3 + 7063.201 x2^4 x4 + 86206.979 x2^4 - 1292.236 x2^3 x3^2 + 24590.169 x2^3 x3 x4 + 174267.016 x2^3 x3 - 1641.265 x2^3 x4^2 - 79502.349 x2^3 x4 - 384650.019 x2^3 + 22573.968 x2^2 x3^2 x4 - 69577.751 x2^2 x3^2 + 422.916 x2^2 x3 x4^2 - 200226.655 x2^2 x3 x4 - 381274.901 x2^2 x3 - 1323.878 x2^2 x4^3 + 20133.405 x2^2 x4^2 + 315981.236 x2^2 x4 + 779568.371 x2^2 + 2547.117 x2 x3^4 + 1466.082 x2 x3^3 x4 + 13516.030 x2 x3^3 - 95642.324 x2 x3^2 x4 + 277890.980 x2 x3^2 + 1980.514 x2 x3 x4^3 - 13192.176 x2 x3 x4^2 + 526540.454 x2 x3 x4 + 140258.447 x2 x3 - 297.217 x2 x4^4 + 5449.054 x2 x4^3 - 56130.158 x2 x4^2 - 547550.551 x2 x4 - 673384.598 x2 + 3303.559 x3^5 + 8748.057 x3^4 x4 - 40458.330 x3^4 - 1558.418 x3^3 x4^2 - 26441.796 x3^3 x4 + 59113.956 x3^3 + 199.932 x3^2 x4^3 + 208.498 x3^2 x4^2 + 132519.654 x3^2 x4 - 350355.710 x3^2 + 140.887 x3 x4^4 - 7220.727 x3 x4^3 + 37021.815 x3 x4^2 - 476809.011 x3 x4 + 239984.930 x3 - 61.361 x4^5 + 1520.282 x4^4 - 8085.469 x4^3 + 45367.334 x4^2 + 358363.364 x4 + 154514.908,SSA omega=1000 R=1 seed=1,1000.0,1,1,35,0.01,10,5
dx4/dt,False,111,0,9957.12071821374,150.737 x1^4 x2 + 41.224 x1^4 x3 - 7.259 x1^4 x4 - 363.712 x1^4 - 84.091 x1^3 x2^2 + 130.630 x1^3 x2 x3 - 130.196 x1^3 x2 x4 - 148.208 x1^3 x2 + 489.659 x1^3 x3^2 + 137.198 x1^3 x3 x4 - 1386.215 x1^3 x3 - 10.241 x1^3 x4^2 + 214.465 x1^3 x4 + 1366.702 x1^3 + 271.953 x1^2 x2^3 - 406.212 x1^2 x2^2 x3 - 405.920 x1^2 x2^2 x4 - 576.061 x1^2 x2^2 - 1376.796 x1^2 x2 x3^2 - 116.206 x1^2 x2 x3 x4 + 3341.302 x1^2 x2 x3 + 2548.136 x1^2 x2 x4 - 2035.271 x1^2 x2 - 24.781 x1^2 x3^3 + 60.363 x1^2 x3^2 x4 + 1223.442 x1^2 x3^2 - 329.861 x1^2 x3 x4 - 1512.414 x1^2 x3 - 11.095 x1^2 x4^3 + 66.696 x1^2 x4^2 - 3247.241 x1^2 x4 + 2124.121 x1^2 + 334.435 x1 x2^4 + 1224.553 x1 x2^3 x3 - 211.784 x1 x2^3 x4 - 4319.777 x1 x2^3 - 168.179 x1 x2^2 x3^2 - 1159.135 x1 x2^2 x3 x4 - 5430.984 x1 x2^2 x3 + 3343.579 x1 x2^2 x4 + 14885.136 x1 x2^2 - 152.014 x1 x2 x3^2 x4 + 4657.596 x1 x2 x3^2 + 5851.231 x1 x2 x3 x4 + 116.587 x1 x2 x3 - 12990.663 x1 x2 x4 - 13773.076 x1 x2 + 238.253 x1 x3^4 - 389.125 x1 x3^3 - 153.720 x1 x3^2 x4^2 + 737.940 x1 x3^2 x4 - 7943.601 x1 x3^2 - 89.445 x1 x3 x4^3 + 640.100 x1 x3 x4^2 - 7835.907 x1 x3 x4 + 9757.658 x1 x3 + 26.893 x1 x4^4 - 99.668 x1 x4^3 - 35.010 x1 x4^2 + 14391.506 x1 x4 - 1351.648 x1 + 1575.316 x2^5 + 2283.788 x2^4 x3 - 815.572 x2^4 x4 - 18320.316 x2^4 - 205.804 x2^3 x3^2 - 1620.632 x2^3 x3 x4 - 18602.299 x2^3 x3 + 8785.452 x2^3 x4 + 83080.143 x2^3 - 1678.047 x2^2 x3^3 - 749.686 x2^2 x3^2 x4 + 6943.849 x2^2 x3^2 + 109.686 x2^2 x3 x4^2 + 13323.446 x2^2 x3 x4 + 47402.707 x2^2 x3 + 46.373 x2^2 x4^3 - 340.291 x2^2 x4^2 - 35638.272 x2^2 x4 - 179511.709 x2^2 - 2349.888 x2 x3^4 + 13924.172 x2 x3^3 + 309.668 x2 x3^2 x4^2 + 2280.256 x2 x3^2 x4 - 35021.856 x2 x3^2 - 1114.310 x2 x3 x4^2 - 33183.035 x2 x3 x4 - 31830.331 x2 x3 - 228.490 x2 x4^3 + 1958.887 x2 x4^2 + 63011.621 x2 x4 + 178581.750 x2 - 227.896 x3^5 - 337.312 x3^4 x4 + 6478.900 x3^4 + 109.517 x3^3 x4^2 + 779.519 x3^3 x4 - 25102.718 x3^3 - 805.646 x3^2 x4^2 - 2217.508 x3^2 x4 + 47649.559 x3^2 + 3.362 x3 x4^4 + 89.676 x3 x4^3 + 1388.430 x3 x4^2 + 26913.667 x3 x4 - 15026.773 x3 + 15.759 x4^5 - 157.069 x4^4 + 747.025 x4^3 - 3038.717 x4^2 - 40690.785 x4 - 61096.035,SSA omega=1000 R=1 seed=1,1000.0,1,1,35,0.01,10,5
dx1/dt,False,118,0,520476.5189786059,-129.899 x1^5 - 301.293 x1^4 x2 + 21.267 x1^4 x3 - 31.272 x1^4 x4 + 1431.376 x1^4 - 540.712 x1^3 x2^2 - 527.261 x1^3 x2 x3 + 4260.428 x1^3 x2 + 152.412 x1^3 x3^2 - 899.473 x1^3 x3 x4 + 2319.891 x1^3 x3 - 485.791 x1^3 x4^2 + 2077.611 x1^3 x4 - 9885.076 x1^3 + 176.576 x1^2 x2^2 x4 - 138.417 x1^2 x2^2 + 3207.831 x1^2 x2 x3^2 + 1799.262 x1^2 x2 x3 x4 - 5611.852 x1^2 x2 x3 + 425.439 x1^2 x2 x4^2 - 797.267 x1^2 x2 x4 - 3229.072 x1^2 x2 + 2822.643 x1^2 x3^3 - 1048.141 x1^2 x3^2 x4 - 9191.265 x1^2 x3^2 + 454.347 x1^2 x3 x4^2 - 918.783 x1^2 x3 x4 + 7452.427 x1^2 x3 - 299.286 x1^2 x4^3 + 2011.716 x1^2 x4^2 - 8095.831 x1^2 x4 + 15808.001 x1^2 - 1202.445 x1 x2^4 + 2946.442 x1 x2^3 x4 + 2556.096 x1 x2^3 + 8871.239 x1 x2^2 x3^2 + 7707.706 x1 x2^2 x3 x4 - 30791.175 x1 x2^2 x3 + 4101.360 x1 x2^2 x4^2 - 36299.505 x1 x2^2 x4 + 44236.321 x1 x2^2 + 33098.739 x1 x2 x3^3 + 13447.303 x1 x2 x3^2 x4 - 138777.446 x1 x2 x3^2 + 2035.703 x1 x2 x3 x4^2 - 65304.217 x1 x2 x3 x4 + 233104.323 x1 x2 x3 - 20371.674 x1 x2 x4^2 + 125865.184 x1 x2 x4 - 195812.261 x1 x2 + 16021.177 x1 x3^4 - 597.874 x1 x3^3 x4 - 116269.370 x1 x3^3 - 1153.939 x1 x3^2 x4^2 - 24162.348 x1 x3^2 x4 + 292211.312 x1 x3^2 - 647.416 x1 x3 x4^3 - 1990.574 x1 x3 x4^2 + 99482.158 x1 x3 x4 - 363041.469 x1 x3 - 173.577 x1 x4^4 + 2803.594 x1 x4^3 + 13475.616 x1 x4^2 - 113866.332 x1 x4 + 206840.648 x1 - 2917.469 x2^5 - 3446.130 x2^4 x3 + 2151.162 x2^4 x4 + 34652.174 x2^4 - 13779.435 x2^3 x3^2 + 8590.427 x2^3 x3 x4 + 39342.257 x2^3 x3 + 2277.400 x2^3 x4^2 - 36725.097 x2^3 x4 - 145133.845 x2^3 - 11692.655 x2^2 x3^3 + 21444.469 x2^2 x3^2 x4 + 78832.065 x2^2 x3^2 + 955.807 x2^2 x3 x4^2 - 101817.027 x2^2 x3 x4 - 96052.788 x2^2 x3 + 733.867 x2^2 x4^3 - 26102.742 x2^2 x4^2 + 223655.344 x2^2 x4 + 213465.965 x2^2 + 15275.603 x2 x3^4 + 26107.190 x2 x3^3 x4 - 73536.258 x2 x3^3 - 2926.976 x2 x3^2 x4^2 - 166061.954 x2 x3^2 x4 + 112307.594 x2 x3^2 + 1630.792 x2 x3 x4^3 - 11296.684 x2 x3 x4^2 + 404600.726 x2 x3 x4 - 202621.570 x2 x3 - 4073.973 x2 x4^3 + 87559.443 x2 x4^2 - 565398.937 x2 x4 + 73890.682 x2 + 7934.248 x3^5 + 1302.172 x3^4 x4 - 77969.098 x3^4 - 2278.016 x3^3 x4^2 - 53616.165 x3^3 x4 + 290885.188 x3^3 + 1381.143 x3^2 x4^3 + 6319.646 x3^2 x4^2 + 252191.617 x3^2 x4 - 519925.421 x3^2 - 133.603 x3 x4^4 - 4258.857 x3 x4^3 + 22263.883 x3 x4^2 - 484773.969 x3 x4 + 573170.663 x3 + 59.005 x4^5 - 48.113 x4^4 + 3114.059 x4^3 - 81359.864 x4^2 + 488799.520 x4 - 304601.892,SSA omega=1000 R=1 seed=2,1000.0,1,2,35,0.01,10,5
dx2/dt,False,122,0,464128.44568287086,66.874 x1^5 + 1509.677 x1^4 x2 + 2133.657 x1^4 x3 + 252.897 x1^4 x4 - 4865.254 x1^4 + 608.206 x1^3 x2^2 - 4939.966 x1^3 x2 x3 + 1238.054 x1^3 x2 x4 - 9891.298 x1^3 x2 - 3745.330 x1^3 x3^2 - 487.485 x1^3 x3 x4 + 5593.059 x1^3 x3 - 680.266 x1^3 x4^2 - 1101.310 x1^3 x4 + 20509.819 x1^3 - 13216.131 x1^2 x2^3 - 26264.846 x1^2 x2^2 x3 + 2724.624 x1^2 x2^2 x4 + 90952.579 x1^2 x2^2 - 32776.812 x1^2 x2 x3^2 + 2984.548 x1^2 x2 x3 x4 + 162817.524 x1^2 x2 x3 + 6042.242 x1^2 x2 x4^2 - 34668.071 x1^2 x2 x4 - 190256.285 x1^2 x2 - 4436.976 x1^2 x3^3 + 3147.364 x1^2 x3^2 x4 + 85231.264 x1^2 x3^2 + 1830.881 x1^2 x3 x4^2 - 12752.012 x1^2 x3 x4 - 225071.989 x1^2 x3 - 1562.173 x1^2 x4^3 - 3501.902 x1^2 x4^2 + 43070.572 x1^2 x4 + 131987.235 x1^2 - 2075.118 x1 x2^4 - 13280.218 x1 x2^3 x3 - 19951.851 x1 x2^3 x4 + 82476.413 x1 x2^3 - 43386.110 x1 x2^2 x3^2 - 12221.137 x1 x2^2 x3 x4 + 201831.924 x1 x2^2 x3 + 13119.893 x1 x2^2 x4^2 + 100387.066 x1 x2^2 x4 - 492164.436 x1 x2^2 + 9248.947 x1 x2 x3^3 + 4601.723 x1 x2 x3^2 x4 + 221277.373 x1 x2 x3^2 + 12490.242 x1 x2 x3 x4^2 - 1136.938 x1 x2 x3 x4 - 702305.214 x1 x2 x3 - 448.372 x1 x2 x4^3 - 82888.757 x1 x2 x4^2 - 61151.698 x1 x2 x4 + 986066.606 x1 x2 + 20657.233 x1 x3^4 + 7687.939 x1 x3^3 x4 - 84204.037 x1 x3^3 + 1569.609 x1 x3^2 x4^2 - 42584.228 x1 x3^2 x4 - 191833.218 x1 x3^2 - 1891.111 x1 x3 x4^3 - 25004.741 x1 x3 x4^2 + 88213.739 x1 x3 x4 + 653231.292 x1 x3 - 129.389 x1 x4^4 + 8128.764 x1 x4^3 + 85036.738 x1 x4^2 - 86160.173 x1 x4 - 643319.039 x1 - 5808.556 x2^5 - 3538.023 x2^4 x3 + 2352.579 x2^4 x4 + 66440.931 x2^4 - 24213.205 x2^3 x3^2 - 14177.699 x2^3 x3 x4 + 89257.644 x2^3 x3 + 3276.961 x2^3 x4^2 + 7179.161 x2^3 x4 - 369074.074 x2^3 - 40814.657 x2^2 x3^3 - 2986.621 x2^2 x3^2 x4 + 301088.116 x2^2 x3^2 + 18619.992 x2^2 x3 x4^2 + 69966.954 x2^2 x3 x4 - 626247.959 x2^2 x3 + 67.142 x2^2 x4^3 - 61242.486 x2^2 x4^2 - 28833.161 x2^2 x4 + 1117281.957 x2^2 + 14132.992 x2 x3^4 + 22048.932 x2 x3^3 x4 + 88494.837 x2 x3^3 + 9886.065 x2 x3^2 x4^2 - 72190.247 x2 x3^2 x4 - 804255.737 x2 x3^2 - 2874.677 x2 x3 x4^3 - 107363.038 x2 x3 x4^2 + 46898.296 x2 x3 x4 + 1428440.555 x2 x3 + 1119.040 x2 x4^4 - 2878.420 x2 x4^3 + 252790.560 x2 x4^2 - 188605.311 x2 x4 - 1600031.551 x2 + 16233.953 x3^5 + 8197.079 x3^4 x4 - 119047.789 x3^4 - 1005.417 x3^3 x4^2 - 81370.137 x3^3 x4 + 182278.040 x3^3 - 2110.159 x3^2 x4^3 - 14196.980 x3^2 x4^2 + 225249.189 x3^2 x4 + 383426.844 x3^2 + 12672.092 x3 x4^3 + 123840.655 x3 x4^2 - 307064.943 x3 x4 - 891765.574 x3 - 2369.075 x4^4 - 1740.480 x4^3 - 260125.792 x4^2 + 378341.070 x4 + 797280.963,SSA omega=1000 R=1 seed=2,1000.0,1,2,35,0.01,10,5
dx3/dt,False,122,0,464128.44568287086,-66.874 x1^5 - 1509.677 x1^4 x2 - 2133.657 x1^4 x3 - 252.897 x1^4 x4 + 4865.254 x1^4 - 608.206 x1^3 x2^2 + 4939.966 x1^3 x2 x3 - 1238.054 x1^3 x2 x4 + 9891.298 x1^3 x2 + 3745.330 x1^3 x3^2 + 487.485 x1^3 x3 x4 - 5593.059 x1^3 x3 + 680.266 x1^3 x4^2 + 1101.310 x1^3 x4 - 20509.819 x1^3 + 13216.131 x1^2 x2^3 + 26264.846 x1^2 x2^2 x3 - 2724.624 x1^2 x2^2 x4 - 90952.579 x1^2 x2^2 + 32776.812 x1^2 x2 x3^2 - 2984.548 x1^2 x2 x3 x4 - 162817.524 x1^2 x2 x3 - 6042.242 x1^2 x2 x4^2 + 34668.071 x1^2 x2 x4 + 190256.285 x1^2 x2 + 4436.976 x1^2 x3^3 - 3147.364 x1^2 x3^2 x4 - 85231.264 x1^2 x3^2 - 1830.881 x1^2 x3 x4^2 + 12752.012 x1^2 x3 x4 + 225071.989 x1^2 x3 + 1562.173 x1^2 x4^3 + 3501.902 x1^2 x4^2 - 43070.572 x1^2 x4 - 131987.235 x1^2 + 2075.118 x1 x2^4 + 13280.218 x1 x2^3 x3 + 19951.851 x1 x2^3 x4 - 82476.413 x1 x2^3 + 43386.110 x1 x2^2 x3^2 + 12221.137 x1 x2^2 x3 x4 - 201831.924 x1 x2^2 x3 - 13119.893 x1 x2^2 x4^2 - 100387.066 x1 x2^2 x4 + 492164.436 x1 x2^2 - 9248.947 x1 x2 x3^3 - 4601.723 x1 x2 x3^2 x4 - 221277.373 x1 x2 x3^2 - 12490.242 x1 x2 x3 x4^2 + 1136.938 x1 x2 x3 x4 + 702305.214 x1 x2 x3 + 448.372 x1 x2 x4^3 + 82888.757 x1 x2 x4^2 + 61151.698 x1 x2 x4 - 986066.606 x1 x2 - 20657.233 x1 x3^4 - 7687.939 x1 x3^3 x4 + 84204.037 x1 x3^3 - 1569.609 x1 x3^2 x4^2 + 42584.228 x1 x3^2 x4 + 191833.218 x1 x3^2 + 1891.111 x1 x3 x4^3 + 25004.741 x1 x3 x4^2 - 88213.739 x1 x3 x4 - 653231.292 x1 x3 + 129.389 x1 x4^4 - 8128.764 x1 x4^3 - 85036.738 x1 x4^2 + 86160.173 x1 x4 + 643319.039 x1 + 5808.556 x2^5 + 3538.023 x2^4 x3 - 2352.579 x2^4 x4 - 66440.931 x2^4 + 24213.205 x2^3 x3^2 + 14177.699 x2^3 x3 x4 - 89257.644 x2^3 x3 - 3276.961 x2^3 x4^2 - 7179.161 x2^3 x4 + 369074.074 x2^3 + 40814.657 x2^2 x3^3 + 2986.621 x2^2 x3^2 x4 - 301088.116 x2^2 x3^2 - 18619.992 x2^2 x3 x4^2 - 69966.954 x2^2 x3 x4 + 626247.959 x2^2 x3 - 67.142 x2^2 x4^3 + 61242.486 x2^2 x4^2 + 28833.161 x2^2 x4 - 1117281.957 x2^2 - 14132.992 x2 x3^4 - 22048.932 x2 x3^3 x4 - 88494.837 x2 x3^3 - 9886.065 x2 x3^2 x4^2 + 72190.247 x2 x3^2 x4 + 804255.737 x2 x3^2 + 2874.677 x2 x3 x4^3 + 107363.038 x2 x3 x4^2 - 46898.296 x2 x3 x4 - 1428440.555 x2 x3 - 1119.040 x2 x4^4 + 2878.420 x2 x4^3 - 252790.560 x2 x4^2 + 188605.311 x2 x4 + 1600031.551 x2 - 16233.953 x3^5 - 8197.079 x3^4 x4 + 119047.789 x3^4 + 1005.417 x3^3 x4^2 + 81370.137 x3^3 x4 - 182278.040 x3^3 + 2110.159 x3^2 x4^3 + 14196.980 x3^2 x4^2 - 225249.189 x3^2 x4 - 383426.844 x3^2 - 12672.092 x3 x4^3 - 123840.655 x3 x4^2 + 307064.943 x3 x4 + 891765.574 x3 + 2369.075 x4^4 + 1740.480 x4^3 + 260125.792 x4^2 - 378341.070 x4 - 797280.963,SSA omega=1000 R=1 seed=2,1000.0,1,2,35,0.01,10,5
dx4/dt,False,119,0,53466.58497316636,299.386 x1^4 x2 + 386.085 x1^4 x3 + 22.696 x1^4 x4 - 910.367 x1^4 + 143.490 x1^3 x2^2 + 1230.394 x1^3 x2 x3 + 250.179 x1^3 x2 x4 - 3264.320 x1^3 x2 + 356.874 x1^3 x3^2 - 221.666 x1^3 x3 x4 - 4659.767 x1^3 x3 - 93.133 x1^3 x4^2 - 146.576 x1^3 x4 + 7190.887 x1^3 - 761.218 x1^2 x2^3 + 32.352 x1^2 x2^2 x3 + 4670.675 x1^2 x2^2 + 148.539 x1^2 x2 x3^2 + 711.443 x1^2 x2 x3 x4 - 6213.944 x1^2 x2 x3 + 68.308 x1^2 x2 x4^2 - 1790.217 x1^2 x2 x4 - 1286.181 x1^2 x2 + 1912.043 x1^2 x3^3 + 547.037 x1^2 x3^2 x4 - 6608.476 x1^2 x3^2 - 1676.355 x1^2 x3 x4 + 20968.064 x1^2 x3 + 19.334 x1^2 x4^3 + 90.098 x1^2 x4^2 + 2656.452 x1^2 x4 - 12692.273 x1^2 - 2133.971 x1 x2^4 + 1752.260 x1 x2^3 x3 + 20390.086 x1 x2^3 - 682.458 x1 x2^2 x3^2 - 510.382 x1 x2^2 x3 x4 - 9127.387 x1 x2^2 x3 - 136.708 x1 x2^2 x4^2 + 835.070 x1 x2^2 x4 - 73392.765 x1 x2^2 + 2816.014 x1 x2 x3^3 - 2012.050 x1 x2 x3^2 - 455.631 x1 x2 x3 x4^2 + 1655.342 x1 x2 x3 x4 + 24367.629 x1 x2 x3 - 57.497 x1 x2 x4^3 + 945.904 x1 x2 x4^2 - 1620.727 x1 x2 x4 + 108386.328 x1 x2 + 2696.409 x1 x3^4 - 403.757 x1 x3^3 x4 - 17243.142 x1 x3^3 - 228.989 x1 x3^2 x4^2 - 196.669 x1 x3^2 x4 + 25923.692 x1 x3^2 + 327.983 x1 x3 x4^3 - 353.383 x1 x3 x4^2 + 1693.336 x1 x3 x4 - 42167.473 x1 x3 + 53.188 x1 x4^4 - 487.474 x1 x4^3 + 206.777 x1 x4^2 - 1429.522 x1 x4 - 48442.024 x1 - 1166.816 x2^5 + 1016.587 x2^4 x3 + 521.643 x2^4 x4 + 15085.409 x2^4 + 2449.687 x2^3 x3^2 + 1591.823 x2^3 x3 x4 - 18341.802 x2^3 x3 - 206.178 x2^3 x4^2 - 5537.176 x2^3 x4 - 72426.750 x2^3 + 2517.495 x2^2 x3^3 - 2595.652 x2^2 x3^2 x4 - 14479.442 x2^2 x3^2 - 185.700 x2^2 x3 x4^2 - 4361.166 x2^2 x3 x4 + 80175.697 x2^2 x3 + 1217.819 x2^2 x4^2 + 19021.051 x2^2 x4 + 168665.704 x2^2 + 5556.437 x2 x3^4 + 568.813 x2 x3^3 x4 - 30954.462 x2 x3^3 - 1739.962 x2 x3^2 x4^2 + 16128.117 x2 x3^2 x4 + 45494.344 x2 x3^2 + 210.944 x2 x3 x4^3 + 2888.530 x2 x3 x4^2 - 11220.875 x2 x3 x4 - 133268.719 x2 x3 + 51.066 x2 x4^4 - 331.898 x2 x4^3 - 2530.626 x2 x4^2 - 24123.510 x2 x4 - 194913.023 x2 + 905.511 x3^5 + 18.515 x3^4 x4 - 17102.429 x3^4 - 1186.516 x3^3 x4^2 + 2848.434 x3^3 x4 + 63102.268 x3^3 - 100.189 x3^2 x4^3 + 7291.482 x3^2 x4^2 - 32155.835 x3^2 x4 - 61112.734 x3^2 + 76.215 x3 x4^4 - 1239.009 x3 x4^3 - 5186.806 x3 x4^2 + 31121.383 x3 x4 + 80698.626 x3 + 4.529 x4^5 - 276.719 x4^4 + 1896.275 x4^3 - 596.044 x4^2 + 9346.187 x4 + 89522.121,SSA omega=1000 R=1 seed=2,1000.0,1,2,35,0.01,10,5
dx1/dt,False,111,0,122490.42239657114,-68.764 x1^5 + 145.473 x1^4 x2 + 753.334 x1^4 x3 + 118.376 x1^4 x4 - 579.013 x1^4 + 237.199 x1^3 x2^2 + 472.050 x1^3 x2 x3 - 791.015 x1^3 x2 x4 - 610.688 x1^3 x2 + 2263.181 x1^3 x3^2 - 8003.302 x1^3 x3 + 1365.133 x1^3 x4 + 3103.134 x1^3 + 129.586 x1^2 x2^3 - 902.829 x1^2 x2^2 x3 + 861.735 x1^2 x2^2 x4 - 3546.865 x1^2 x2^2 - 1464.701 x1^2 x2 x3^2 - 192.870 x1^2 x2 x3 x4 + 4463.470 x1^2 x2 x3 + 249.371 x1^2 x2 x4^2 - 1750.554 x1^2 x2 x4 + 10903.731 x1^2 x2 + 2257.709 x1^2 x3^3 + 437.556 x1^2 x3^2 x4 - 10968.123 x1^2 x3^2 - 110.999 x1^2 x3 x4 + 17231.834 x1^2 x3 - 592.125 x1^2 x4^2 + 7.694 x1^2 x4 - 15404.052 x1^2 - 4236.786 x1 x2^4 - 712.030 x1 x2^3 x3 + 989.183 x1 x2^3 x4 + 36496.660 x1 x2^3 + 395.975 x1 x2^2 x3 x4 + 6493.967 x1 x2^2 x3 - 8401.189 x1 x2^2 x4 - 112014.394 x1 x2^2 - 1073.972 x1 x2 x3^3 + 5866.141 x1 x2 x3^2 - 2483.089 x1 x2 x3 x4 - 21402.384 x1 x2 x3 - 476.333 x1 x2 x4^3 + 1714.854 x1 x2 x4^2 + 19206.103 x1 x2 x4 + 146466.171 x1 x2 + 1777.726 x1 x3^4 - 1800.774 x1 x3^3 x4 - 5007.151 x1 x3^3 + 130.031 x1 x3^2 x4^2 + 2112.326 x1 x3^2 x4 + 8142.004 x1 x3^2 + 239.278 x1 x3 x4^3 - 1549.083 x1 x3 x4^2 + 5521.968 x1 x3 x4 - 2711.520 x1 x3 + 55.840 x1 x4^4 + 567.871 x1 x4^3 - 2054.184 x1 x4^2 - 14054.725 x1 x4 - 62470.976 x1 - 1157.592 x2^5 + 2534.299 x2^4 x3 + 1609.561 x2^4 x4 + 15795.515 x2^4 + 3975.287 x2^3 x3^2 + 3401.023 x2^3 x3 x4 - 33334.759 x2^3 x3 - 715.084 x2^3 x4^2 - 16815.198 x2^3 x4 - 75527.620 x2^3 - 24954.112 x2^2 x3^2 - 930.346 x2^2 x3 x4^2 - 19729.966 x2^2 x3 x4 + 139124.381 x2^2 x3 - 173.788 x2^2 x4^3 + 6438.531 x2^2 x4^2 + 60302.445 x2^2 x4 + 165069.847 x2^2 - 443.913 x2 x3^4 + 397.120 x2 x3^3 x4 + 676.569 x2 x3^3 - 1577.825 x2 x3^2 x4^2 + 2727.145 x2 x3^2 x4 + 49050.750 x2 x3^2 - 379.306 x2 x3 x4^3 + 8730.500 x2 x3 x4^2 + 29318.853 x2 x3 x4 - 231790.511 x2 x3 + 109.279 x2 x4^4 + 905.214 x2 x4^3 - 21134.827 x2 x4^2 - 83637.867 x2 x4 - 169598.865 x2 - 1100.390 x3^4 x4 + 728.008 x3^4 - 606.200 x3^3 x4^2 + 6484.998 x3^3 x4 - 3405.694 x3^3 + 5027.973 x3^2 x4^2 - 17942.118 x3^2 x4 - 27294.743 x3^2 + 506.937 x3 x4^3 - 13973.374 x3 x4^2 - 1435.019 x3 x4 + 134892.454 x3 + 44.718 x4^5 - 720.035 x4^4 + 854.805 x4^3 + 18930.908 x4^2 + 36310.586 x4 + 66410.619,SSA omega=10000 R=1 seed=0,10000.0,1,0,35,0.01,10,5
dx2/dt,False,121,0,25248.823791246257,-338.952 x1^5 - 181.488 x1^4 x2 - 688.178 x1^4 x3 - 41.648 x1^4 x4 + 3218.866 x1^4 + 669.418 x1^3 x2^2 + 816.216 x1^3 x2 x3 + 88.420 x1^3 x2 x4 - 2975.887 x1^3 x2 + 1920.059 x1^3 x3^2 + 675.935 x1^3 x3 x4 - 2391.859 x1^3 x3 - 133.855 x1^3 x4^2 - 141.118 x1^3 x4 - 3430.916 x1^3 + 1431.262 x1^2 x2^3 + 3986.905 x1^2 x2^2 x3 + 581.677 x1^2 x2^2 x4 - 17686.413 x1^2 x2^2 + 504.929 x1^2 x2 x3^2 - 2251.003 x1^2 x2 x3 x4 - 17350.952 x1^2 x2 x3 - 395.496 x1^2 x2 x4^2 + 1117.059 x1^2 x2 x4 + 53067.311 x1^2 x2 + 5964.572 x1^2 x3^3 + 1982.915 x1^2 x3^2 x4 - 23918.719 x1^2 x3^2 - 17.460 x1^2 x3 x4^2 - 420.340 x1^2 x3 x4 + 40991.374 x1^2 x3 + 230.766 x1^2 x4^3 - 248.484 x1^2 x4^2 - 752.255 x1^2 x4 - 46586.117 x1^2 - 4616.027 x1 x2^4 + 2404.869 x1 x2^3 x4 + 33453.301 x1 x2^3 + 3632.208 x1 x2^2 x3^2 + 7209.731 x1 x2^2 x3 x4 - 28024.543 x1 x2^2 x3 + 697.225 x1 x2^2 x4^2 - 23145.007 x1 x2^2 x4 - 58144.463 x1 x2^2 - 139.794 x1 x2 x3^3 + 3001.000 x1 x2 x3^2 x4 - 20651.392 x1 x2 x3^2 - 3010.073 x1 x2 x3 x4^2 - 18945.610 x1 x2 x3 x4 + 114115.696 x1 x2 x3 - 1199.834 x1 x2 x4^3 + 6410.783 x1 x2 x4^2 + 39026.905 x1 x2 x4 - 9303.182 x1 x2 + 4374.808 x1 x3^4 - 3552.570 x1 x3^3 x4 - 19698.887 x1 x3^3 - 174.897 x1 x3^2 x4^2 - 3329.392 x1 x3^2 x4 + 68028.044 x1 x3^2 + 878.384 x1 x3 x4^3 + 1493.554 x1 x3 x4^2 + 19704.882 x1 x3 x4 - 153703.311 x1 x3 + 267.093 x1 x4^4 - 395.328 x1 x4^3 - 5642.119 x1 x4^2 - 20605.796 x1 x4 + 68615.447 x1 - 3401.099 x2^5 + 120.567 x2^4 x3 + 1835.592 x2^4 x4 + 42475.963 x2^4 - 1039.541 x2^3 x3^2 + 2211.857 x2^3 x3 x4 - 4511.671 x2^3 x3 + 2198.165 x2^3 x4^2 - 29424.183 x2^3 x4 - 190311.580 x2^3 - 7092.973 x2^2 x3^3 - 1379.249 x2^2 x3^2 x4 + 19798.346 x2^2 x3^2 + 4320.723 x2^2 x3 x4^2 - 34783.349 x2^2 x3 x4 + 46561.658 x2^2 x3 - 257.245 x2^2 x4^3 - 18408.021 x2^2 x4^2 + 158416.742 x2^2 x4 + 360316.327 x2^2 + 153.154 x2 x3^4 + 29447.453 x2 x3^3 - 4044.274 x2 x3^2 x4^2 + 13953.987 x2 x3^2 x4 - 69368.270 x2 x3^2 - 2627.296 x2 x3 x4^3 + 5050.321 x2 x3 x4^2 + 68271.363 x2 x3 x4 - 117595.873 x2 x3 - 31.762 x2 x4^4 + 5664.315 x2 x4^3 + 20414.843 x2 x4^2 - 289175.974 x2 x4 - 269697.793 x2 - 3443.141 x3^4 x4 + 2068.927 x3^4 - 2926.745 x3^3 x4^2 + 25366.968 x3^3 x4 - 47470.652 x3^3 - 655.914 x3^2 x4^3 + 19999.028 x3^2 x4^2 - 73234.156 x3^2 x4 + 98318.341 x3^2 + 264.389 x3 x4^4 + 3841.785 x3 x4^3 - 32278.390 x3 x4^2 + 13793.319 x3 x4 + 65915.675 x3 + 78.788 x4^5 - 1176.222 x4^4 - 4445.347 x4^3 + 4628.629 x4^2 + 156340.174 x4 + 49913.222,SSA omega=10000 R=1 seed=0,10000.0,1,0,35,0.01,10,5
dx3/dt,False,121,0,25248.823791246257,338.952 x1^5 + 181.488 x1^4 x2 + 688.178 x1^4 x3 + 41.648 x1^4 x4 - 3218.866 x1^4 - 669.418 x1^3 x2^2 - 816.216 x1^3 x2 x3 - 88.420 x1^3 x2 x4 + 2975.887 x1^3 x2 - 1920.059 x1^3 x3^2 - 675.935 x1^3 x3 x4 + 2391.859 x1^3 x3 + 133.855 x1^3 x4^2 + 141.118 x1^3 x4 + 3430.916 x1^3 - 1431.262 x1^2 x2^3 - 3986.905 x1^2 x2^2 x3 - 581.677 x1^2 x2^2 x4 + 17686.413 x1^2 x2^2 - 504.929 x1^2 x2 x3^2 + 2251.003 x1^2 x2 x3 x4 + 17350.952 x1^2 x2 x3 + 395.496 x1^2 x2 x4^2 - 1117.059 x1^2 x2 x4 - 53067.311 x1^2 x2 - 5964.572 x1^2 x3^3 - 1982.915 x1^2 x3^2 x4 + 23918.719 x1^2 x3^2 + 17.460 x1^2 x3 x4^2 + 420.340 x1^2 x3 x4 - 40991.374 x1^2 x3 - 230.766 x1^2 x4^3 + 248.484 x1^2 x4^2 + 752.255 x1^2 x4 + 46586.117 x1^2 + 4616.027 x1 x2^4 - 2404.869 x1 x2^3 x4 - 33453.301 x1 x2^3 - 3632.208 x1 x2^2 x3^2 - 7209.731 x1 x2^2 x3 x4 + 28024.543 x1 x2^2 x3 - 697.225 x1 x2^2 x4^2 + 23145.007 x1 x2^2 x4 + 58144.463 x1 x2^2 + 139.794 x1 x2 x3^3 - 3001.000 x1 x2 x3^2 x4 + 20651.392 x1 x2 x3^2 + 3010.073 x1 x2 x3 x4^2 + 18945.610 x1 x2 x3 x4 - 114115.696 x1 x2 x3 + 1199.834 x1 x2 x4^3 - 6410.783 x1 x2 x4^2 - 39026.905 x1 x2 x4 + 9303.182 x1 x2 - 4374.808 x1 x3^4 + 3552.570 x1 x3^3 x4 + 19698.887 x1 x3^3 + 174.897 x1 x3^2 x4^2 + 3329.392 x1 x3^2 x4 - 68028.044 x1 x3^2 - 878.384 x1 x3 x4^3 - 1493.554 x1 x3 x4^2 - 19704.882 x1 x3 x4 + 153703.311 x1 x3 - 267.093 x1 x4^4 + 395.328 x1 x4^3 + 5642.119 x1 x4^2 + 20605.796 x1 x4 - 68615.447 x1 + 3401.099 x2^5 - 120.567 x2^4 x3 - 1835.592 x2^4 x4 - 42475.963 x2^4 + 1039.541 x2^3 x3^2 - 2211.857 x2^3 x3 x4 + 4511.671 x2^3 x3 - 2198.165 x2^3 x4^2 + 29424.183 x2^3 x4 + 190311.580 x2^3 + 7092.973 x2^2 x3^3 + 1379.249 x2^2 x3^2 x4 - 19798.346 x2^2 x3^2 - 4320.723 x2^2 x3 x4^2 + 34783.349 x2^2 x3 x4 - 46561.658 x2^2 x3 + 257.245 x2^2 x4^3 + 18408.021 x2^2 x4^2 - 158416.742 x2^2 x4 - 360316.327 x2^2 - 153.154 x2 x3^4 - 29447.453 x2 x3^3 + 4044.274 x2 x3^2 x4^2 - 13953.987 x2 x3^2 x4 + 69368.270 x2 x3^2 + 2627.296 x2 x3 x4^3 - 5050.321 x2 x3 x4^2 - 68271.363 x2 x3 x4 + 117595.873 x2 x3 + 31.762 x2 x4^4 - 5664.315 x2 x4^3 - 20414.843 x2 x4^2 + 289175.974 x2 x4 + 269697.793 x2 + 3443.141 x3^4 x4 - 2068.927 x3^4 + 2926.745 x3^3 x4^2 - 25366.968 x3^3 x4 + 47470.652 x3^3 + 655.914 x3^2 x4^3 - 19999.028 x3^2 x4^2 + 73234.156 x3^2 x4 - 98318.341 x3^2 - 264.389 x3 x4^4 - 3841.785 x3 x4^3 + 32278.390 x3 x4^2 - 13793.319 x3 x4 - 65915.675 x3 - 78.788 x4^5 + 1176.222 x4^4 + 4445.347 x4^3 - 4628.629 x4^2 - 156340.174 x4 - 49913.222,SSA omega=10000 R=1 seed=0,10000.0,1,0,35,0.01,10,5
dx4/dt,False,81,0,24.19777380242496,-3.771 x1^5 + 7.268 x1^4 x2 - 5.768 x1^4 x3 + 10.786 x1^4 + 11.897 x1^3 x2^2 + 4.827 x1^3 x2 x4 - 94.586 x1^3 x2 + 21.247 x1^3 x3^2 - 9.174 x1^3 x4 + 86.815 x1^3 - 45.549 x1^2 x2^2 + 7.860 x1^2 x2 x3 - 1.089 x1^2 x2 x4^2 - 14.964 x1^2 x2 x4 + 271.922 x1^2 x2 + 7.699 x1^2 x3^2 x4 - 96.628 x1^2 x3^2 - 10.657 x1^2 x3 x4 + 74.613 x1^2 x3 + 2.513 x1^2 x4^2 + 32.465 x1^2 x4 - 333.449 x1^2 + 40.210 x1 x2^3 x3 - 27.830 x1 x2^3 - 278.402 x1 x2^2 x3 - 4.752 x1 x2^2 x4 + 247.958 x1 x2^2 + 606.963 x1 x2 x3 + 3.130 x1 x2 x4^2 + 27.362 x1 x2 x4 - 703.895 x1 x2 - 19.147 x1 x3^2 x4 + 121.879 x1 x3^2 + 25.478 x1 x3 x4 - 569.185 x1 x3 - 7.772 x1 x4^2 - 42.317 x1 x4 + 660.215 x1 - 35.533 x2^4 x3 - 18.973 x2^4 x4 + 49.653 x2^4 + 241.155 x2^3 x3 + 181.451 x2^3 x4 - 403.132 x2^3 + 19.754 x2^2 x3^3 - 6.060 x2^2 x3^2 x4 - 37.361 x2^2 x3^2 + 3.840 x2^2 x3 x4^2 - 5.049 x2^2 x3 x4 - 514.707 x2^2 x3 - 2.657 x2^2 x4^2 - 628.879 x2^2 x4 + 1168.449 x2^2 + 30.278 x2 x3^4 - 29.386 x2 x3^3 x4 - 123.578 x2 x3^3 + 88.990 x2 x3^2 x4 + 140.263 x2 x3^2 - 17.722 x2 x3 x4^2 - 13.750 x2 x3 x4 + 340.620 x2 x3 + 8.819 x2 x4^2 + 953.585 x2 x4 - 1432.538 x2 - 69.879 x3^4 + 4.066 x3^3 x4^2 + 59.472 x3^3 x4 + 174.841 x3^3 - 4.461 x3^2 x4^3 + 14.977 x3^2 x4^2 - 181.588 x3^2 x4 - 135.766 x3^2 + 3.513 x3 x4^4 - 19.422 x3 x4^3 + 52.711 x3 x4^2 + 36.479 x3 x4 + 38.031 x3 - 1.157 x4^4 + 7.216 x4^3 - 20.318 x4^2 - 532.142 x4 + 616.847,SSA omega=10000 R=1 seed=0,10000.0,1,0,35,0.01,10,5
dx1/dt,False,113,0,69420.45485182815,241.073 x1^5 + 491.414 x1^4 x2 + 371.814 x1^4 x3 + 167.427 x1^4 x4 - 3236.827 x1^4 + 12.496 x1^3 x2^2 - 47.654 x1^3 x2 x4 - 2431.359 x1^3 x2 - 1523.681 x1^3 x3^2 + 386.088 x1^3 x3 x4 + 34.978 x1^3 x3 - 994.375 x1^3 x4 + 11257.158 x1^3 - 2158.446 x1^2 x2^3 + 673.509 x1^2 x2^2 x4 + 12400.113 x1^2 x2^2 + 1529.470 x1^2 x2 x3^2 - 297.384 x1^2 x2 x3 x4 - 3696.918 x1^2 x2 x3 + 226.327 x1^2 x2 x4^2 - 3338.730 x1^2 x2 x4 - 16756.732 x1^2 x2 - 2725.827 x1^2 x3^3 + 1137.003 x1^2 x3^2 x4 + 5447.297 x1^2 x3^2 - 1722.325 x1^2 x3 x4 + 2621.434 x1^2 x3 + 101.967 x1^2 x4^3 - 907.715 x1^2 x4^2 + 6584.885 x1^2 x4 - 5228.591 x1^2 - 1627.736 x1 x2^4 - 3552.174 x1 x2^3 x3 + 191.955 x1 x2^3 x4 + 22470.586 x1 x2^3 - 138.152 x1 x2^2 x3^2 + 22385.724 x1 x2^2 x3 - 3845.834 x1 x2^2 x4 - 94533.491 x1 x2^2 - 2064.381 x1 x2 x3^3 - 781.364 x1 x2 x3^2 x4 - 550.483 x1 x2 x3^2 + 624.157 x1 x2 x3 x4^2 - 359.482 x1 x2 x3 x4 - 36206.322 x1 x2 x3 + 8.995 x1 x2 x4^3 - 883.580 x1 x2 x4^2 + 16634.708 x1 x2 x4 + 147485.797 x1 x2 + 456.907 x1 x3^4 + 3181.709 x1 x3^3 x4 + 2852.257 x1 x3^3 - 320.423 x1 x3^2 x4^2 - 6690.508 x1 x3^2 x4 + 3680.705 x1 x3^2 + 120.260 x1 x3 x4^3 - 1120.518 x1 x3 x4^2 + 6368.976 x1 x3 x4 + 10803.552 x1 x3 + 25.561 x1 x4^4 - 517.734 x1 x4^3 + 3108.294 x1 x4^2 - 21302.938 x1 x4 - 69127.227 x1 - 1766.143 x2^5 - 2498.995 x2^4 x3 + 125.441 x2^4 x4 + 23942.657 x2^4 - 829.060 x2^3 x3^2 + 28818.040 x2^3 x3 - 136.572 x2^3 x4^2 - 919.953 x2^3 x4 - 132457.703 x2^3 + 5518.812 x2^2 x3^2 + 1187.808 x2^2 x3 x4^2 - 4278.176 x2^2 x3 x4 - 112694.880 x2^2 x3 + 78.967 x2^2 x4^3 - 632.406 x2^2 x4^2 + 9128.847 x2^2 x4 + 357995.275 x2^2 + 2184.813 x2 x3^4 - 1151.548 x2 x3^3 x4 + 2281.930 x2 x3^3 + 2799.275 x2 x3^2 x4^2 - 6233.753 x2 x3^2 x4 - 14069.105 x2 x3^2 - 11743.668 x2 x3 x4^2 + 38189.466 x2 x3 x4 + 168630.039 x2 x3 - 53.524 x2 x4^4 + 19.326 x2 x4^3 + 7383.843 x2 x4^2 - 43292.085 x2 x4 - 451491.373 x2 + 242.875 x3^5 + 2439.346 x3^4 x4 - 12771.303 x3^4 + 598.047 x3^3 x4^2 - 10976.835 x3^3 x4 + 23735.895 x3^3 - 251.163 x3^2 x4^3 - 6899.987 x3^2 x4^2 + 36692.022 x3^2 x4 - 26445.764 x3^2 + 3.518 x3 x4^4 + 288.481 x3 x4^3 + 20052.111 x3 x4^2 - 76010.490 x3 x4 - 54594.024 x3 + 12.835 x4^5 - 100.705 x4^3 - 11747.008 x4^2 + 57921.258 x4 + 201122.887,SSA omega=10000 R=1 seed=1,10000.0,1,1,35,0.01,10,5
dx2/dt,False,120,0,134673.6899108996,666.127 x1^5 + 101.367 x1^4 x2 + 22.314 x1^4 x3 + 518.248 x1^4 x4 - 5497.117 x1^4 - 919.652 x1^3 x2^2 - 449.438 x1^3 x2 x3 + 1068.983 x1^3 x2 x4 + 2178.418 x1^3 x2 - 3553.711 x1^3 x3^2 + 418.083 x1^3 x3 x4 + 5924.176 x1^3 x3 - 79.983 x1^3 x4^2 - 4951.062 x1^3 x4 + 12484.942 x1^3 - 5586.357 x1^2 x2^3 + 846.478 x1^2 x2^2 x4 + 40645.328 x1^2 x2^2 + 2296.718 x1^2 x2 x3^2 + 3467.807 x1^2 x2 x3 x4 - 9499.340 x1^2 x2 x3 - 846.103 x1^2 x2 x4^2 - 7354.628 x1^2 x2 x4 - 85529.498 x1^2 x2 - 5616.206 x1^2 x3^3 + 18314.905 x1^2 x3^2 - 347.865 x1^2 x3 x4^2 - 6817.128 x1^2 x3 x4 - 6299.149 x1^2 x3 + 2832.981 x1^2 x4^2 + 12655.063 x1^2 x4 + 45569.446 x1^2 - 4893.154 x1 x2^4 + 5731.701 x1 x2^3 x3 + 4599.948 x1 x2^3 x4 + 46648.886 x1 x2^3 + 19974.720 x1 x2^2 x3^2 + 2075.257 x1 x2^2 x3 x4 - 71789.454 x1 x2^2 x3 - 1771.304 x1 x2^2 x4^2 - 31816.753 x1 x2^2 x4 - 155092.228 x1 x2^2 + 17775.202 x1 x2 x3^3 + 3347.552 x1 x2 x3^2 x4 - 144186.250 x1 x2 x3^2 + 1681.242 x1 x2 x3 x4^2 - 30814.956 x1 x2 x3 x4 + 307705.057 x1 x2 x3 + 980.613 x1 x2 x4^3 + 3765.977 x1 x2 x4^2 + 92100.219 x1 x2 x4 + 172556.754 x1 x2 + 2000.488 x1 x3^4 + 5166.817 x1 x3^3 x4 - 43910.899 x1 x3^3 + 890.283 x1 x3^2 x4^2 - 20056.299 x1 x3^2 x4 + 213663.684 x1 x3^2 - 759.487 x1 x3 x4^3 + 330.070 x1 x3 x4^2 + 54845.281 x1 x3 x4 - 362916.777 x1 x3 - 241.688 x1 x4^4 + 250.238 x1 x4^3 - 9842.830 x1 x4^2 - 80131.802 x1 x4 - 26998.106 x1 - 3096.252 x2^5 - 11221.283 x2^4 x3 - 139.994 x2^4 x4 + 52976.773 x2^4 - 3472.520 x2^3 x3^2 + 2405.669 x2^3 x3 x4 + 97537.439 x2^3 x3 - 1630.917 x2^3 x4^2 - 3006.593 x2^3 x4 - 313440.001 x2^3 + 2572.901 x2^2 x3^2 x4 - 924.796 x2^2 x3^2 - 408.916 x2^2 x3 x4^2 - 22318.995 x2^2 x3 x4 - 270163.332 x2^2 x3 + 420.247 x2^2 x4^3 + 11233.323 x2^2 x4^2 + 30992.934 x2^2 x4 + 830710.643 x2^2 + 5107.160 x2 x3^4 + 7055.220 x2 x3^3 x4 - 45698.115 x2 x3^3 + 7502.028 x2 x3^2 x4^2 - 58004.315 x2 x3^2 x4 + 177178.078 x2 x3^2 + 3473.359 x2 x3 x4^3 - 32558.011 x2 x3 x4^2 + 173348.148 x2 x3 x4 + 101304.980 x2 x3 - 58.687 x2 x4^4 - 5940.045 x2 x4^3 + 3156.889 x2 x4^2 - 156838.439 x2 x4 - 930401.709 x2 + 1617.956 x3^5 + 6019.765 x3^4 x4 - 32973.370 x3^4 + 3696.799 x3^3 x4^2 - 53325.289 x3^3 x4 + 174162.640 x3^3 + 835.701 x3^2 x4^3 - 32568.510 x3^2 x4^2 + 192977.878 x3^2 x4 - 446954.445 x3^2 - 286.996 x3 x4^4 - 5914.584 x3 x4^3 + 79791.806 x3 x4^2 - 341165.653 x3 x4 + 351573.665 x3 - 52.798 x4^5 + 1276.627 x4^4 + 4035.693 x4^3 - 27259.894 x4^2 + 214233.305 x4 + 289636.533,SSA omega=10000 R=1 seed=1,10000.0,1,1,35,0.01,10,5
dx3/dt,False,120,0,134673.6899108996,-666.127 x1^5 - 101.367 x1^4 x2 - 22.314 x1^4 x3 - 518.248 x1^4 x4 + 5497.117 x1^4 + 919.652 x1^3 x2^2 + 449.438 x1^3 x2 x3 - 1068.983 x1^3 x2 x4 - 2178.418 x1^3 x2 + 3553.711 x1^3 x3^2 - 418.083 x1^3 x3 x4 - 5924.176 x1^3 x3 + 79.983 x1^3 x4^2 + 4951.062 x1^3 x4 - 12484.942 x1^3 + 5586.357 x1^2 x2^3 - 846.478 x1^2 x2^2 x4 - 40645.328 x1^2 x2^2 - 2296.718 x1^2 x2 x3^2 - 3467.807 x1^2 x2 x3 x4 + 9499.340 x1^2 x2 x3 + 846.103 x1^2 x2 x4^2 + 7354.628 x1^2 x2 x4 + 85529.498 x1^2 x2 + 5616.206 x1^2 x3^3 - 18314.905 x1^2 x3^2 + 347.865 x1^2 x3 x4^2 + 6817.128 x1^2 x3 x4 + 6299.149 x1^2 x3 - 2832.981 x1^2 x4^2 - 12655.063 x1^2 x4 - 45569.446 x1^2 + 4893.154 x1 x2^4 - 5731.701 x1 x2^3 x3 - 4599.948 x1 x2^3 x4 - 46648.886 x1 x2^3 - 19974.720 x1 x2^2 x3^2 - 2075.257 x1 x2^2 x3 x4 + 71789.454 x1 x2^2 x3 + 1771.304 x1 x2^2 x4^2 + 31816.753 x1 x2^2 x4 + 155092.228 x1 x2^2 - 17775.202 x1 x2 x3^3 - 3347.552 x1 x2 x3^2 x4 + 144186.250 x1 x2 x3^2 - 1681.242 x1 x2 x3 x4^2 + 30814.956 x1 x2 x3 x4 - 307705.057 x1 x2 x3 - 980.613 x1 x2 x4^3 - 3765.977 x1 x2 x4^2 - 92100.219 x1 x2 x4 - 172556.754 x1 x2 - 2000.488 x1 x3^4 - 5166.817 x1 x3^3 x4 + 43910.899 x1 x3^3 - 890.283 x1 x3^2 x4^2 + 20056.299 x1 x3^2 x4 - 213663.684 x1 x3^2 + 759.487 x1 x3 x4^3 - 330.070 x1 x3 x4^2 - 54845.281 x1 x3 x4 + 362916.777 x1 x3 + 241.688 x1 x4^4 - 250.238 x1 x4^3 + 9842.830 x1 x4^2 + 80131.802 x1 x4 + 26998.106 x1 + 3096.252 x2^5 + 11221.283 x2^4 x3 + 139.994 x2^4 x4 - 52976.773 x2^4 + 3472.520 x2^3 x3^2 - 2405.669 x2^3 x3 x4 - 97537.439 x2^3 x3 + 1630.917 x2^3 x4^2 + 3006.593 x2^3 x4 + 313440.001 x2^3 - 2572.901 x2^2 x3^2 x4 + 924.796 x2^2 x3^2 + 408.916 x2^2 x3 x4^2 + 22318.995 x2^2 x3 x4 + 270163.332 x2^2 x3 - 420.247 x2^2 x4^3 - 11233.323 x2^2 x4^2 - 30992.934 x2^2 x4 - 830710.643 x2^2 - 5107.160 x2 x3^4 - 7055.220 x2 x3^3 x4 + 45698.115 x2 x3^3 - 7502.028 x2 x3^2 x4^2 + 58004.315 x2 x3^2 x4 - 177178.078 x2 x3^2 - 3473.359 x2 x3 x4^3 + 32558.011 x2 x3 x4^2 - 173348.148 x2 x3 x4 - 101304.980 x2 x3 + 58.687 x2 x4^4 + 5940.045 x2 x4^3 - 3156.889 x2 x4^2 + 156838.439 x2 x4 + 930401.709 x2 - 1617.956 x3^5 - 6019.765 x3^4 x4 + 32973.370 x3^4 - 3696.799 x3^3 x4^2 + 53325.289 x3^3 x4 - 174162.640 x3^3 - 835.701 x3^2 x4^3 + 32568.510 x3^2 x4^2 - 192977.878 x3^2 x4 + 446954.445 x3^2 + 286.996 x3 x4^4 + 5914.584 x3 x4^3 - 79791.806 x3 x4^2 + 341165.653 x3 x4 - 351573.665 x3 + 52.798 x4^5 - 1276.627 x4^4 - 4035.693 x4^3 + 27259.894 x4^2 - 214233.305 x4 - 289636.533,SSA omega=10000 R=1 seed=1,10000.0,1,1,35,0.01,10,5
dx4/dt,True,0,0,0.021400649307626,1.477 x3,SSA omega=10000 R=1 seed=1,10000.0,1,1,35,0.01,10,5
dx1/dt,False,110,0,102579.78391631252,-15.057 x1^5 + 12.707 x1^4 x2 + 91.526 x1^4 x4 - 56.754 x1^4 + 792.391 x1^3 x2^2 + 953.390 x1^3 x2 x3 + 160.027 x1^3 x2 x4 - 4388.296 x1^3 x2 - 238.251 x1^3 x3^2 - 29.816 x1^3 x3 x4 - 2197.279 x1^3 x3 + 157.714 x1^3 x4^2 - 1284.959 x1^3 x4 + 6733.511 x1^3 - 1423.785 x1^2 x2^3 - 133.910 x1^2 x2^2 x4 + 7591.722 x1^2 x2^2 + 299.154 x1^2 x2 x3^2 - 500.852 x1^2 x2 x3 x4 - 3536.977 x1^2 x2 x3 + 793.070 x1^2 x2 x4 - 10244.679 x1^2 x2 + 351.640 x1^2 x3^3 - 1771.938 x1^2 x3^2 x4 + 1818.036 x1^2 x3^2 + 98.926 x1^2 x3 x4^2 + 3665.834 x1^2 x3 x4 + 5001.325 x1^2 x3 + 106.716 x1^2 x4^3 - 1246.843 x1^2 x4^2 + 1603.631 x1^2 x4 - 974.679 x1^2 - 133.443 x1 x2^3 x3 + 3687.648 x1 x2^3 - 4381.924 x1 x2^2 x3^2 + 1179.415 x1 x2^2 x3 x4 + 4925.570 x1 x2^2 x3 - 329.712 x1 x2^2 x4^2 + 672.465 x1 x2^2 x4 - 25524.641 x1 x2^2 + 3866.741 x1 x2 x3^3 + 10818.811 x1 x2 x3^2 - 3835.472 x1 x2 x3 x4 - 12062.607 x1 x2 x3 - 139.709 x1 x2 x4^3 + 2090.466 x1 x2 x4^2 - 5330.298 x1 x2 x4 + 57357.973 x1 x2 + 2260.200 x1 x3^4 - 15719.859 x1 x3^3 + 4430.019 x1 x3^2 x4 - 1718.319 x1 x3^2 - 209.776 x1 x3 x4^2 - 3628.833 x1 x3 x4 + 9843.441 x1 x3 + 9.599 x1 x4^4 - 13.311 x1 x4^3 - 651.362 x1 x4^2 + 5702.163 x1 x4 - 41287.678 x1 + 684.921 x2^5 + 3101.430 x2^4 x3 - 2688.731 x2^4 x4 - 3994.930 x2^4 - 640.498 x2^3 x3^2 - 5634.864 x2^3 x3 x4 - 15633.897 x2^3 x3 + 27412.476 x2^3 x4 - 7790.535 x2^3 - 2660.907 x2^2 x3^3 - 2964.111 x2^2 x3^2 x4 + 22502.601 x2^2 x3^2 + 565.601 x2^2 x3 x4^2 + 37668.977 x2^2 x3 x4 - 5401.590 x2^2 x3 - 11.646 x2^2 x4^2 - 101548.588 x2^2 x4 + 97456.494 x2^2 + 2368.239 x2 x3^4 + 1691.808 x2 x3^3 + 852.172 x2 x3^2 x4^2 + 9357.178 x2 x3^2 x4 - 73947.985 x2 x3^2 + 353.352 x2 x3 x4^3 - 5021.345 x2 x3 x4^2 - 76598.320 x2 x3 x4 + 105599.201 x2 x3 + 11.592 x2 x4^4 - 89.622 x2 x4^3 + 327.173 x2 x4^2 + 162209.657 x2 x4 - 222715.634 x2 + 1816.726 x3^5 - 314.447 x3^4 x4 - 11944.154 x3^4 + 311.572 x3^3 x4 + 19129.618 x3^3 + 38.570 x3^2 x4^3 - 2030.108 x3^2 x4^2 - 7427.186 x3^2 x4 + 55662.800 x3^2 + 66.157 x3 x4^4 - 1406.811 x3 x4^3 + 10124.080 x3 x4^2 + 46732.928 x3 x4 - 112963.860 x3 - 17.506 x4^5 + 45.474 x4^4 + 430.807 x4^3 - 2249.022 x4^2 - 92783.999 x4 + 159537.186,SSA omega=10000 R=1 seed=2,10000.0,1,2,35,0.01,10,5
dx2/dt,False,120,0,64219.98227952837,-136.016 x1^4 x2 + 242.328 x1^4 x3 + 113.143 x1^4 x4 - 280.516 x1^4 + 535.062 x1^3 x2^2 - 1445.215 x1^3 x2 x3 - 37.114 x1^3 x2 x4 - 521.676 x1^3 x2 - 1900.862 x1^3 x3^2 + 280.910 x1^3 x3 x4 + 3740.462 x1^3 x3 + 181.874 x1^3 x4^2 - 1233.080 x1^3 x4 + 1570.757 x1^3 - 1195.696 x1^2 x2^3 - 7539.225 x1^2 x2^2 x3 - 609.842 x1^2 x2^2 x4 + 13756.610 x1^2 x2^2 - 5755.229 x1^2 x2 x3^2 + 1619.147 x1^2 x2 x3 x4 + 41703.969 x1^2 x2 x3 - 43.905 x1^2 x2 x4^2 + 2395.667 x1^2 x2 x4 - 48052.192 x1^2 x2 - 4680.737 x1^2 x3^3 - 1501.648 x1^2 x3^2 x4 + 30390.663 x1^2 x3^2 + 979.681 x1^2 x3 x4^2 - 5526.613 x1^2 x3 x4 - 65591.388 x1^2 x3 + 208.429 x1^2 x4^3 - 2345.959 x1^2 x4^2 + 4410.897 x1^2 x4 + 46353.829 x1^2 + 2537.432 x1 x2^4 - 720.785 x1 x2^3 x3 - 506.168 x1 x2^3 x4 - 17709.842 x1 x2^3 - 11900.039 x1 x2^2 x3^2 - 1742.820 x1 x2^2 x3 x4 + 43360.939 x1 x2^2 x3 - 986.856 x1 x2^2 x4^2 + 9689.348 x1 x2^2 x4 + 14615.371 x1 x2^2 + 6140.490 x1 x2 x3^3 + 48975.872 x1 x2 x3^2 + 3533.319 x1 x2 x3 x4 - 180607.754 x1 x2 x3 + 146.214 x1 x2 x4^3 + 4163.301 x1 x2 x4^2 - 34374.279 x1 x2 x4 + 86164.395 x1 x2 + 716.034 x1 x3^4 - 4341.268 x1 x3^3 - 327.475 x1 x3^2 x4^2 + 5769.540 x1 x3^2 x4 - 83988.115 x1 x3^2 + 5.420 x1 x3 x4^3 - 1701.328 x1 x3 x4^2 + 600.368 x1 x3 x4 + 217857.906 x1 x3 + 6.755 x1 x4^4 - 909.551 x1 x4^3 + 466.549 x1 x4^2 + 24699.322 x1 x4 - 128560.932 x1 + 2418.073 x2^5 + 8961.676 x2^4 x3 - 3417.251 x2^4 x4 - 29599.514 x2^4 - 3720.373 x2^3 x3^2 - 5402.856 x2^3 x3 x4 - 61062.595 x2^3 x3 - 952.572 x2^3 x4^2 + 37932.606 x2^3 x4 + 125438.748 x2^3 - 2209.132 x2^2 x3^3 - 3197.342 x2^2 x3^2 x4 + 49891.857 x2^2 x3^2 - 1469.729 x2^2 x3 x4^2 + 47460.072 x2^2 x3 x4 + 90147.044 x2^2 x3 + 171.084 x2^2 x4^3 + 8575.807 x2^2 x4^2 - 162613.543 x2^2 x4 - 196832.127 x2^2 + 7080.857 x2 x3^4 + 1377.801 x2 x3^3 x4 - 24410.218 x2 x3^3 + 1340.963 x2 x3^2 x4^2 + 7204.032 x2 x3^2 x4 - 116430.935 x2 x3^2 + 1383.911 x2 x3 x4^3 - 2337.773 x2 x3 x4^2 - 109353.031 x2 x3 x4 + 72430.096 x2 x3 - 155.056 x2 x4^4 - 1068.504 x2 x4^3 - 19436.515 x2 x4^2 + 299724.984 x2 x4 + 33489.225 x2 + 3142.621 x3^5 - 29.984 x3^4 x4 - 25299.979 x3^4 + 758.526 x3^3 x4^2 - 4631.444 x3^3 x4 + 67979.990 x3^3 + 235.710 x3^2 x4^3 - 5783.255 x3^2 x4^2 + 1457.610 x3^2 x4 + 69197.817 x3^2 - 134.763 x3 x4^4 - 2684.093 x3 x4^3 + 14955.470 x3 x4^2 + 65160.462 x3 x4 - 167646.222 x3 - 11.300 x4^5 + 553.117 x4^4 + 911.707 x4^3 + 10343.140 x4^2 - 193265.874 x4 + 113184.548,SSA omega=10000 R=1 seed=2,10000.0,1,2,35,0.01,10,5
dx3/dt,False,120,0,64219.98227952837,136.016 x1^4 x2 - 242.328 x1^4 x3 - 113.143 x1^4 x4 + 280.516 x1^4 - 535.062 x1^3 x2^2 + 1445.215 x1^3 x2 x3 + 37.114 x1^3 x2 x4 + 521.676 x1^3 x2 + 1900.862 x1^3 x3^2 - 280.910 x1^3 x3 x4 - 3740.462 x1^3 x3 - 181.874 x1^3 x4^2 + 1233.080 x1^3 x4 - 1570.757 x1^3 + 1195.696 x1^2 x2^3 + 7539.225 x1^2 x2^2 x3 + 609.842 x1^2 x2^2 x4 - 13756.610 x1^2 x2^2 + 5755.229 x1^2 x2 x3^2 - 1619.147 x1^2 x2 x3 x4 - 41703.969 x1^2 x2 x3 + 43.905 x1^2 x2 x4^2 - 2395.667 x1^2 x2 x4 + 48052.192 x1^2 x2 + 4680.737 x1^2 x3^3 + 1501.648 x1^2 x3^2 x4 - 30390.663 x1^2 x3^2 - 979.681 x1^2 x3 x4^2 + 5526.613 x1^2 x3 x4 + 65591.388 x1^2 x3 - 208.429 x1^2 x4^3 + 2345.959 x1^2 x4^2 - 4410.897 x1^2 x4 - 46353.829 x1^2 - 2537.432 x1 x2^4 + 720.785 x1 x2^3 x3 + 506.168 x1 x2^3 x4 + 17709.842 x1 x2^3 + 11900.039 x1 x2^2 x3^2 + 1742.820 x1 x2^2 x3 x4 - 43360.939 x1 x2^2 x3 + 986.856 x1 x2^2 x4^2 - 9689.348 x1 x2^2 x4 - 14615.371 x1 x2^2 - 6140.490 x1 x2 x3^3 - 48975.872 x1 x2 x3^2 - 3533.319 x1 x2 x3 x4 + 180607.754 x1 x2 x3 - 146.214 x1 x2 x4^3 - 4163.301 x1 x2 x4^2 + 34374.279 x1 x2 x4 - 86164.395 x1 x2 - 716.034 x1 x3^4 + 4341.268 x1 x3^3 + 327.475 x1 x3^2 x4^2 - 5769.540 x1 x3^2 x4 + 83988.115 x1 x3^2 - 5.420 x1 x3 x4^3 + 1701.328 x1 x3 x4^2 - 600.368 x1 x3 x4 - 217857.906 x1 x3 - 6.755 x1 x4^4 + 909.551 x1 x4^3 - 466.549 x1 x4^2 - 24699.322 x1 x4 + 128560.932 x1 - 2418.073 x2^5 - 8961.676 x2^4 x3 + 3417.251 x2^4 x4 + 29599.514 x2^4 + 3720.373 x2^3 x3^2 + 5402.856 x2^3 x3 x4 + 61062.595 x2^3 x3 + 952.572 x2^3 x4^2 - 37932.606 x2^3 x4 - 125438.748 x2^3 + 2209.132 x2^2 x3^3 + 3197.342 x2^2 x3^2 x4 - 49891.857 x2^2 x3^2 + 1469.729 x2^2 x3 x4^2 - 47460.072 x2^2 x3 x4 - 90147.044 x2^2 x3 - 171.084 x2^2 x4^3 - 8575.807 x2^2 x4^2 + 162613.543 x2^2 x4 + 196832.127 x2^2 - 7080.857 x2 x3^4 - 1377.801 x2 x3^3 x4 + 24410.218 x2 x3^3 - 1340.963 x2 x3^2 x4^2 - 7204.032 x2 x3^2 x4 + 116430.935 x2 x3^2 - 1383.911 x2 x3 x4^3 + 2337.773 x2 x3 x4^2 + 109353.031 x2 x3 x4 - 72430.096 x2 x3 + 155.056 x2 x4^4 + 1068.504 x2 x4^3 + 19436.515 x2 x4^2 - 299724.984 x2 x4 - 33489.225 x2 - 3142.621 x3^5 + 29.984 x3^4 x4 + 25299.979 x3^4 - 758.526 x3^3 x4^2 + 4631.444 x3^3 x4 - 67979.990 x3^3 - 235.710 x3^2 x4^3 + 5783.255 x3^2 x4^2 - 1457.610 x3^2 x4 - 69197.817 x3^2 + 134.763 x3 x4^4 + 2684.093 x3 x4^3 - 14955.470 x3 x4^2 - 65160.462 x3 x4 + 167646.222 x3 + 11.300 x4^5 - 553.117 x4^4 - 911.707 x4^3 - 10343.140 x4^2 + 193265.874 x4 - 113184.548,SSA omega=10000 R=1 seed=2,10000.0,1,2,35,0.01,10,5
dx4/dt,False,5,0,2.445305770887166,1.148 x2 x3^2 - 1.589 x2 x3 + 1.514 x3^2 x4 - 2.650 x3^2 - 2.096 x3 x4 + 5.200 x3,SSA omega=10000 R=1 seed=2,10000.0,1,2,35,0.01,10,5
dx1/dt,False,103,0,13053.111256401871,12.248 x1^5 + 45.473 x1^4 x3 + 10.431 x1^4 x4 - 126.275 x1^4 - 117.825 x1^3 x2^2 + 553.869 x1^3 x2 - 227.368 x1^3 x3 - 54.767 x1^3 x4 - 208.561 x1^3 - 84.258 x1^2 x2^3 + 1062.949 x1^2 x2^2 + 85.657 x1^2 x2 x3^2 + 50.686 x1^2 x2 x3 x4 - 207.270 x1^2 x2 x3 - 4.861 x1^2 x2 x4^2 - 18.539 x1^2 x2 x4 - 3508.483 x1^2 x2 + 122.247 x1^2 x3^3 - 72.881 x1^2 x3^2 x4 - 323.975 x1^2 x3^2 - 6.316 x1^2 x3 x4 + 830.014 x1^2 x3 - 12.733 x1^2 x4^3 + 78.068 x1^2 x4^2 + 11.717 x1^2 x4 + 2856.786 x1^2 - 39.261 x1 x2^4 - 214.411 x1 x2^3 x3 + 649.623 x1 x2^3 - 161.299 x1 x2^2 x3 x4 + 1713.136 x1 x2^2 x3 + 142.112 x1 x2^2 x4 - 4071.857 x1 x2^2 - 116.968 x1 x2 x3^3 - 142.212 x1 x2 x3^2 x4 + 277.594 x1 x2 x3^2 + 845.481 x1 x2 x3 x4 - 4493.814 x1 x2 x3 - 19.277 x1 x2 x4^3 + 113.358 x1 x2 x4^2 - 818.044 x1 x2 x4 + 10348.223 x1 x2 + 90.096 x1 x3^4 - 342.931 x1 x3^3 - 11.456 x1 x3^2 x4^2 + 550.507 x1 x3^2 x4 + 33.731 x1 x3^2 - 2.194 x1 x3 x4^3 + 50.833 x1 x3 x4^2 - 1463.532 x1 x3 x4 + 3505.395 x1 x3 - 6.303 x1 x4^4 + 117.135 x1 x4^3 - 530.532 x1 x4^2 + 1455.559 x1 x4 - 8697.437 x1 - 434.580 x2^4 x3 + 104.125 x2^4 x4 + 67.890 x2^4 + 4175.385 x2^3 x3 + 87.382 x2^3 x4^2 - 1186.418 x2^3 x4 - 700.605 x2^3 + 81.513 x2^2 x3^2 x4 - 142.646 x2^2 x3^2 - 26.140 x2^2 x3 x4^2 + 214.044 x2^2 x3 x4 - 15043.054 x2^2 x3 - 55.676 x2^2 x4^3 - 310.904 x2^2 x4^2 + 4253.465 x2^2 x4 + 3264.709 x2^2 - 25.588 x2 x3^4 + 208.176 x2 x3^3 x4 - 2.054 x2 x3^3 - 18.630 x2 x3^2 x4^2 - 565.521 x2 x3^2 x4 + 510.452 x2 x3^2 - 3.641 x2 x3 x4^3 + 142.049 x2 x3 x4^2 - 1015.176 x2 x3 x4 + 24337.729 x2 x3 + 8.152 x2 x4^4 + 230.101 x2 x4^3 - 5.116 x2 x4^2 - 5604.670 x2 x4 - 7395.089 x2 + 30.313 x3^5 + 174.595 x3^4 x4 - 464.006 x3^4 - 16.723 x3^3 x4^2 - 957.441 x3^3 x4 + 1548.254 x3^3 + 62.589 x3^2 x4^2 + 1251.925 x3^2 x4 - 1973.891 x3^2 + 11.145 x3 x4^3 - 226.432 x3 x4^2 + 1158.109 x3 x4 - 14373.507 x3 - 10.935 x4^4 - 296.895 x4^3 + 766.258 x4^2 + 1789.064 x4 + 6157.673,SSA omega=100000 R=1 seed=0,100000.0,1,0,35,0.01,10,5
dx2/dt,False,115,0,132420.9211657358,192.475 x1^5 + 308.461 x1^4 x2 + 580.083 x1^4 x3 + 58.630 x1^4 x4 - 2396.620 x1^4 - 359.212 x1^3 x2^2 + 301.747 x1^3 x2 x4 - 367.633 x1^3 x2 - 2900.422 x1^3 x3 - 964.856 x1^3 x4 + 7953.827 x1^3 - 2886.466 x1^2 x2^3 - 5717.804 x1^2 x2^2 x3 + 25068.551 x1^2 x2^2 - 3928.891 x1^2 x2 x3^2 - 375.199 x1^2 x2 x3 x4 + 32487.140 x1^2 x2 x3 + 183.161 x1^2 x2 x4^2 - 1283.938 x1^2 x2 x4 - 66589.688 x1^2 x2 - 898.978 x1^2 x3^3 - 826.224 x1^2 x3^2 x4 + 13003.765 x1^2 x3^2 + 1673.406 x1^2 x3 x4 - 42264.918 x1^2 x3 + 62.036 x1^2 x4^3 - 743.193 x1^2 x4^2 + 3739.458 x1^2 x4 + 48524.493 x1^2 - 436.882 x1 x2^4 - 5077.229 x1 x2^3 x3 + 398.437 x1 x2^3 x4 + 13469.088 x1 x2^3 - 9783.485 x1 x2^2 x3^2 + 589.769 x1 x2^2 x3 x4 + 60556.414 x1 x2^2 x3 - 1009.510 x1 x2^2 x4^2 + 282.754 x1 x2^2 x4 - 95597.983 x1 x2^2 - 2561.902 x1 x2 x3^3 - 742.525 x1 x2 x3^2 x4 + 61599.320 x1 x2 x3^2 - 51.084 x1 x2 x3 x4^2 - 29.584 x1 x2 x3 x4 - 219492.486 x1 x2 x3 + 375.904 x1 x2 x4^3 + 2263.627 x1 x2 x4^2 - 4251.041 x1 x2 x4 + 248613.846 x1 x2 + 276.840 x1 x3^4 + 9469.496 x1 x3^3 - 466.675 x1 x3^2 x4^2 + 4563.050 x1 x3^2 x4 - 101827.936 x1 x3^2 + 181.789 x1 x3 x4^3 - 225.856 x1 x3 x4^2 - 4719.198 x1 x3 x4 + 249584.021 x1 x3 - 43.223 x1 x4^4 - 794.875 x1 x4^3 + 459.141 x1 x4^2 + 2605.000 x1 x4 - 213211.175 x1 + 21.184 x2^4 x3 - 1096.407 x2^4 x4 + 2828.511 x2^4 + 962.040 x2^3 x3^2 - 2971.711 x2^3 x3 x4 + 10378.693 x2^3 x3 - 77.502 x2^3 x4^2 + 11186.113 x2^3 x4 - 34808.637 x2^3 - 3207.443 x2^2 x3^2 x4 + 12327.134 x2^2 x3^2 - 982.758 x2^2 x3 x4^2 + 27270.811 x2^2 x3 x4 - 105767.250 x2^2 x3 + 333.473 x2^2 x4^3 + 754.869 x2^2 x4^2 - 46533.147 x2^2 x4 + 165209.780 x2^2 + 3148.291 x2 x3^4 - 1034.025 x2 x3^3 x4 - 1547.745 x2 x3^3 - 550.662 x2 x3^2 x4^2 + 19807.263 x2 x3^2 x4 - 88112.146 x2 x3^2 + 862.360 x2 x3 x4^3 + 722.439 x2 x3 x4^2 - 77361.062 x2 x3 x4 + 337993.438 x2 x3 + 72.759 x2 x4^4 - 3110.991 x2 x4^3 + 4468.532 x2 x4^2 + 82186.622 x2 x4 - 346732.235 x2 + 1544.574 x3^5 + 324.993 x3^4 x4 - 11287.649 x3^4 - 690.950 x3^3 x4^2 + 3168.389 x3^3 x4 + 2695.979 x3^3 + 258.469 x3^2 x4^3 + 1757.119 x3^2 x4^2 - 30612.709 x3^2 x4 + 132923.517 x3^2 + 186.694 x3 x4^4 - 3882.093 x3 x4^3 + 8240.470 x3 x4^2 + 66004.120 x3 x4 - 345687.501 x3 - 59.753 x4^5 + 279.731 x4^4 + 4480.931 x4^3 - 13060.734 x4^2 - 47517.708 x4 + 266262.151,SSA omega=100000 R=1 seed=0,100000.0,1,0,35,0.01,10,5
dx3/dt,False,115,0,132420.9211657358,-192.475 x1^5 - 308.461 x1^4 x2 - 580.083 x1^4 x3 - 58.630 x1^4 x4 + 2396.620 x1^4 + 359.212 x1^3 x2^2 - 301.747 x1^3 x2 x4 + 367.633 x1^3 x2 + 2900.422 x1^3 x3 + 964.856 x1^3 x4 - 7953.827 x1^3 + 2886.466 x1^2 x2^3 + 5717.804 x1^2 x2^2 x3 - 25068.551 x1^2 x2^2 + 3928.891 x1^2 x2 x3^2 + 375.199 x1^2 x2 x3 x4 - 32487.140 x1^2 x2 x3 - 183.161 x1^2 x2 x4^2 + 1283.938 x1^2 x2 x4 + 66589.688 x1^2 x2 + 898.978 x1^2 x3^3 + 826.224 x1^2 x3^2 x4 - 13003.765 x1^2 x3^2 - 1673.406 x1^2 x3 x4 + 42264.918 x1^2 x3 - 62.036 x1^2 x4^3 + 743.193 x1^2 x4^2 - 3739.458 x1^2 x4 - 48524.493 x1^2 + 436.882 x1 x2^4 + 5077.229 x1 x2^3 x3 - 398.437 x1 x2^3 x4 - 13469.088 x1 x2^3 + 9783.485 x1 x2^2 x3^2 - 589.769 x1 x2^2 x3 x4 - 60556.414 x1 x2^2 x3 + 1009.510 x1 x2^2 x4^2 - 282.754 x1 x2^2 x4 + 95597.983 x1 x2^2 + 2561.902 x1 x2 x3^3 + 742.525 x1 x2 x3^2 x4 - 61599.320 x1 x2 x3^2 + 51.084 x1 x2 x3 x4^2 + 29.584 x1 x2 x3 x4 + 219492.486 x1 x2 x3 - 375.904 x1 x2 x4^3 - 2263.627 x1 x2 x4^2 + 4251.041 x1 x2 x4 - 248613.846 x1 x2 - 276.840 x1 x3^4 - 9469.496 x1 x3^3 + 466.675 x1 x3^2 x4^2 - 4563.050 x1 x3^2 x4 + 101827.936 x1 x3^2 - 181.789 x1 x3 x4^3 + 225.856 x1 x3 x4^2 + 4719.198 x1 x3 x4 - 249584.021 x1 x3 + 43.223 x1 x4^4 + 794.875 x1 x4^3 - 459.141 x1 x4^2 - 2605.000 x1 x4 + 213211.175 x1 - 21.184 x2^4 x3 + 1096.407 x2^4 x4 - 2828.511 x2^4 - 962.040 x2^3 x3^2 + 2971.711 x2^3 x3 x4 - 10378.693 x2^3 x3 + 77.502 x2^3 x4^2 - 11186.113 x2^3 x4 + 34808.637 x2^3 + 3207.443 x2^2 x3^2 x4 - 12327.134 x2^2 x3^2 + 982.758 x2^2 x3 x4^2 - 27270.811 x2^2 x3 x4 + 105767.250 x2^2 x3 - 333.473 x2^2 x4^3 - 754.869 x2^2 x4^2 + 46533.147 x2^2 x4 - 165209.780 x2^2 - 3148.291 x2 x3^4 + 1034.025 x2 x3^3 x4 + 1547.745 x2 x3^3 + 550.662 x2 x3^2 x4^2 - 19807.263 x2 x3^2 x4 + 88112.146 x2 x3^2 - 862.360 x2 x3 x4^3 - 722.439 x2 x3 x4^2 + 77361.062 x2 x3 x4 - 337993.438 x2 x3 - 72.759 x2 x4^4 + 3110.991 x2 x4^3 - 4468.532 x2 x4^2 - 82186.622 x2 x4 + 346732.235 x2 - 1544.574 x3^5 - 324.993 x3^4 x4 + 11287.649 x3^4 + 690.950 x3^3 x4^2 - 3168.389 x3^3 x4 - 2695.979 x3^3 - 258.469 x3^2 x4^3 - 1757.119 x3^2 x4^2 + 30612.709 x3^2 x4 - 132923.517 x3^2 - 186.694 x3 x4^4 + 3882.093 x3 x4^3 - 8240.470 x3 x4^2 - 66004.120 x3 x4 + 345687.501 x3 + 59.753 x4^5 - 279.731 x4^4 - 4480.931 x4^3 + 13060.734 x4^2 + 47517.708 x4 - 266262.151,SSA omega=100000 R=1 seed=0,100000.0,1,0,35,0.01,10,5
dx4/dt,True,0,0,0.0084144967865897,1.522 x3,SSA omega=100000 R=1 seed=0,100000.0,1,0,35,0.01,10,5
dx1/dt,False,92,0,1442.8442119792237,9.612 x1^5 + 9.292 x1^4 x2 - 20.659 x1^4 x3 - 67.224 x1^4 - 40.831 x1^3 x2 + 102.682 x1^3 x3 - 2.491 x1^3 x4 + 163.016 x1^3 - 109.151 x1^2 x2 x3^2 + 19.787 x1^2 x2 x3 x4 + 74.166 x1^2 x2 x3 - 14.441 x1^2 x2 x4 + 68.004 x1^2 x2 - 10.344 x1^2 x3^2 x4 + 270.010 x1^2 x3^2 + 13.041 x1^2 x3 x4^2 - 78.304 x1^2 x3 x4 - 333.310 x1^2 x3 - 1.534 x1^2 x4^3 - 3.383 x1^2 x4^2 + 55.789 x1^2 x4 - 193.309 x1^2 + 47.005 x1 x2^3 x3 - 2.896 x1 x2^3 x4 + 16.031 x1 x2^3 - 325.447 x1 x2^2 x3 - 10.068 x1 x2^2 x4^2 + 62.279 x1 x2^2 x4 - 135.053 x1 x2^2 + 17.205 x1 x2 x3^3 + 237.156 x1 x2 x3^2 - 15.629 x1 x2 x3 x4^2 + 5.232 x1 x2 x3 x4 + 566.878 x1 x2 x3 + 57.288 x1 x2 x4^2 - 242.116 x1 x2 x4 + 311.132 x1 x2 + 41.136 x1 x3^3 x4 - 86.047 x1 x3^3 - 59.553 x1 x3^2 x4 - 521.684 x1 x3^2 + 2.913 x1 x3 x4^2 + 115.584 x1 x3 x4 - 77.576 x1 x3 + 4.088 x1 x4^4 - 25.544 x1 x4^3 - 3.768 x1 x4^2 + 152.690 x1 x4 - 190.628 x1 + 110.789 x2^4 x3 + 60.459 x2^4 x4 - 182.482 x2^4 + 129.676 x2^3 x3^2 - 139.928 x2^3 x3 x4 - 993.719 x2^3 x3 - 457.664 x2^3 x4 + 1520.965 x2^3 - 149.159 x2^2 x3^3 - 588.121 x2^2 x3^2 + 968.814 x2^2 x3 x4 + 3121.274 x2^2 x3 + 24.773 x2^2 x4^2 + 1139.613 x2^2 x4 - 4570.925 x2^2 - 167.612 x2 x3^4 + 72.692 x2 x3^3 x4 + 878.995 x2 x3^3 - 30.500 x2 x3^2 x4^2 - 1.297 x2 x3^2 x4 + 509.243 x2 x3^2 + 20.848 x2 x3 x4^3 - 47.695 x2 x3 x4^2 - 2213.787 x2 x3 x4 - 3958.782 x2 x3 - 6.048 x2 x4^3 - 105.857 x2 x4^2 - 922.866 x2 x4 + 5824.023 x2 + 386.829 x3^4 - 219.185 x3^3 x4 - 1152.410 x3^3 + 2.578 x3^2 x4^3 + 57.269 x3^2 x4^2 + 100.215 x3^2 x4 + 267.785 x3^2 - 51.819 x3 x4^3 + 142.516 x3 x4^2 + 1573.345 x3 x4 + 1590.019 x3 - 5.593 x4^4 + 51.089 x4^3 + 16.938 x4^2 + 74.972 x4 - 2622.063,SSA omega=100000 R=1 seed=1,100000.0,1,1,35,0.01,10,5
dx2/dt,False,110,0,50455.714733350185,-137.042 x1^5 + 341.264 x1^4 x2 + 33.070 x1^4 x3 + 46.031 x1^4 + 292.035 x1^3 x2^2 + 717.172 x1^3 x2 x3 - 99.660 x1^3 x2 x4 - 3142.247 x1^3 x2 + 371.188 x1^3 x3^2 - 51.947 x1^3 x3 x4 - 2413.625 x1^3 x3 - 126.909 x1^3 x4^2 + 710.136 x1^3 x4 + 3880.695 x1^3 - 353.531 x1^2 x2^3 + 1598.551 x1^2 x2^2 + 813.952 x1^2 x2 x3^2 + 125.999 x1^2 x2 x3 x4 - 3213.001 x1^2 x2 x3 + 191.407 x1^2 x2 x4^2 - 375.148 x1^2 x2 x4 + 1983.560 x1^2 x2 - 273.886 x1^2 x3^2 x4 - 2791.164 x1^2 x3^2 + 78.859 x1^2 x3 x4^2 + 7.127 x1^2 x3 x4 + 9485.964 x1^2 x3 - 171.836 x1^2 x4^2 - 311.274 x1^2 x4 - 7393.199 x1^2 - 108.489 x1 x2^4 - 1297.421 x1 x2^3 x3 - 1126.428 x1 x2^3 x4 + 4596.374 x1 x2^3 - 2642.646 x1 x2^2 x3^2 - 1112.580 x1 x2^2 x3 x4 + 15165.876 x1 x2^2 x3 + 93.050 x1 x2^2 x4^2 + 8350.046 x1 x2^2 x4 - 30283.455 x1 x2^2 + 1483.567 x1 x2 x3^3 - 696.151 x1 x2 x3^2 x4 + 10300.603 x1 x2 x3^2 - 217.409 x1 x2 x3 x4^2 + 7026.706 x1 x2 x3 x4 - 48740.116 x1 x2 x3 + 51.891 x1 x2 x4^3 - 1029.969 x1 x2 x4^2 - 19828.762 x1 x2 x4 + 69905.023 x1 x2 + 456.656 x1 x3^4 + 449.909 x1 x3^3 x4 - 4995.241 x1 x3^3 + 1303.601 x1 x3^2 x4 - 7357.557 x1 x3^2 - 155.251 x1 x3 x4^3 + 914.015 x1 x3 x4^2 - 10432.150 x1 x3 x4 + 44779.273 x1 x3 + 43.369 x1 x4^4 - 291.297 x1 x4^3 + 2037.831 x1 x4^2 + 15177.548 x1 x4 - 52685.069 x1 + 510.659 x2^4 x3 - 138.071 x2^4 x4 + 23.798 x2^4 - 3043.999 x2^3 x3^2 + 59.213 x2^3 x3 x4 + 1609.980 x2^3 x3 + 2641.660 x2^3 x4 - 5438.709 x2^3 - 2205.942 x2^2 x3^3 + 1036.919 x2^2 x3^2 x4 + 28521.615 x2^2 x3^2 + 284.963 x2^2 x3 x4^2 - 1476.859 x2^2 x3 x4 - 36539.145 x2^2 x3 + 111.170 x2^2 x4^3 - 1194.639 x2^2 x4^2 - 11936.025 x2^2 x4 + 39260.516 x2^2 + 567.480 x2 x3^4 + 8743.098 x2 x3^3 - 212.309 x2 x3^2 x4^2 - 2174.075 x2 x3^2 x4 - 86936.909 x2 x3^2 - 24.752 x2 x3 x4^3 - 619.729 x2 x3 x4^2 + 28.666 x2 x3 x4 + 126939.615 x2 x3 - 587.684 x2 x4^3 + 5849.040 x2 x4^2 + 21027.694 x2 x4 - 98517.277 x2 - 1117.476 x3^4 - 360.970 x3^3 x4 - 8576.964 x3^3 - 293.404 x3^2 x4^3 + 1993.781 x3^2 x4^2 - 2128.502 x3^2 x4 + 86031.025 x3^2 + 657.329 x3 x4^3 - 2894.270 x3 x4^2 + 10196.380 x3 x4 - 131714.051 x3 + 25.862 x4^5 - 261.965 x4^4 + 1468.280 x4^3 - 7611.519 x4^2 - 13328.008 x4 + 83335.098,SSA omega=100000 R=1 seed=1,100000.0,1,1,35,0.01,10,5
dx3/dt,False,110,0,50455.714733350185,137.042 x1^5 - 341.264 x1^4 x2 - 33.070 x1^4 x3 - 46.031 x1^4 - 292.035 x1^3 x2^2 - 717.172 x1^3 x2 x3 + 99.660 x1^3 x2 x4 + 3142.247 x1^3 x2 - 371.188 x1^3 x3^2 + 51.947 x1^3 x3 x4 + 2413.625 x1^3 x3 + 126.909 x1^3 x4^2 - 710.136 x1^3 x4 - 3880.695 x1^3 + 353.531 x1^2 x2^3 - 1598.551 x1^2 x2^2 - 813.952 x1^2 x2 x3^2 - 125.999 x1^2 x2 x3 x4 + 3213.001 x1^2 x2 x3 - 191.407 x1^2 x2 x4^2 + 375.148 x1^2 x2 x4 - 1983.560 x1^2 x2 + 273.886 x1^2 x3^2 x4 + 2791.164 x1^2 x3^2 - 78.859 x1^2 x3 x4^2 - 7.127 x1^2 x3 x4 - 9485.964 x1^2 x3 + 171.836 x1^2 x4^2 + 311.274 x1^2 x4 + 7393.199 x1^2 + 108.489 x1 x2^4 + 1297.421 x1 x2^3 x3 + 1126.428 x1 x2^3 x4 - 4596.374 x1 x2^3 + 2642.646 x1 x2^2 x3^2 + 1112.580 x1 x2^2 x3 x4 - 15165.876 x1 x2^2 x3 - 93.050 x1 x2^2 x4^2 - 8350.046 x1 x2^2 x4 + 30283.455 x1 x2^2 - 1483.567 x1 x2 x3^3 + 696.151 x1 x2 x3^2 x4 - 10300.603 x1 x2 x3^2 + 217.409 x1 x2 x3 x4^2 - 7026.706 x1 x2 x3 x4 + 48740.116 x1 x2 x3 - 51.891 x1 x2 x4^3 + 1029.969 x1 x2 x4^2 + 19828.762 x1 x2 x4 - 69905.023 x1 x2 - 456.656 x1 x3^4 - 449.909 x1 x3^3 x4 + 4995.241 x1 x3^3 - 1303.601 x1 x3^2 x4 + 7357.557 x1 x3^2 + 155.251 x1 x3 x4^3 - 914.015 x1 x3 x4^2 + 10432.150 x1 x3 x4 - 44779.273 x1 x3 - 43.369 x1 x4^4 + 291.297 x1 x4^3 - 2037.831 x1 x4^2 - 15177.548 x1 x4 + 52685.069 x1 - 510.659 x2^4 x3 + 138.071 x2^4 x4 - 23.798 x2^4 + 3043.999 x2^3 x3^2 - 59.213 x2^3 x3 x4 - 1609.980 x2^3 x3 - 2641.660 x2^3 x4 + 5438.709 x2^3 + 2205.942 x2^2 x3^3 - 1036.919 x2^2 x3^2 x4 - 28521.615 x2^2 x3^2 - 284.963 x2^2 x3 x4^2 + 1476.859 x2^2 x3 x4 + 36539.145 x2^2 x3 - 111.170 x2^2 x4^3 + 1194.639 x2^2 x4^2 + 11936.025 x2^2 x4 - 39260.516 x2^2 - 567.480 x2 x3^4 - 8743.098 x2 x3^3 + 212.309 x2 x3^2 x4^2 + 2174.075 x2 x3^2 x4 + 86936.909 x2 x3^2 + 24.752 x2 x3 x4^3 + 619.729 x2 x3 x4^2 - 28.666 x2 x3 x4 - 126939.615 x2 x3 + 587.684 x2 x4^3 - 5849.040 x2 x4^2 - 21027.694 x2 x4 + 98517.277 x2 + 1117.476 x3^4 + 360.970 x3^3 x4 + 8576.964 x3^3 + 293.404 x3^2 x4^3 - 1993.781 x3^2 x4^2 + 2128.502 x3^2 x4 - 86031.025 x3^2 - 657.329 x3 x4^3 + 2894.270 x3 x4^2 - 10196.380 x3 x4 + 131714.051 x3 - 25.862 x4^5 + 261.965 x4^4 - 1468.280 x4^3 + 7611.519 x4^2 + 13328.008 x4 - 83335.098,SSA omega=100000 R=1 seed=1,100000.0,1,1,35,0.01,10,5
dx4/dt,True,0,0,0.0004637911614655,1.510 x3,SSA omega=100000 R=1 seed=1,100000.0,1,1,35,0.01,10,5
dx1/dt,False,96,0,8989.843049653118,-14.835 x1^5 - 79.528 x1^4 x3 + 173.646 x1^4 + 55.440 x1^3 x2^2 + 76.359 x1^3 x2 x3 - 71.815 x1^3 x2 x4 - 251.308 x1^3 x2 + 11.068 x1^3 x3^2 + 206.092 x1^3 x3 + 153.437 x1^3 x4 - 315.974 x1^3 + 9.873 x1^2 x2^2 x4 - 296.564 x1^2 x2^2 - 29.054 x1^2 x2 x3^2 - 200.840 x1^2 x2 x3 x4 + 210.755 x1^2 x2 x3 - 7.967 x1^2 x2 x4^2 + 390.621 x1^2 x2 x4 + 984.988 x1^2 x2 + 241.192 x1^2 x3^3 - 454.926 x1^2 x3^2 - 25.128 x1^2 x3 x4^2 + 536.020 x1^2 x3 x4 - 778.492 x1^2 x3 + 23.510 x1^2 x4^2 - 916.171 x1^2 x4 + 28.823 x1^2 - 212.274 x1 x2^3 + 472.972 x1 x2^2 x3^2 + 441.304 x1 x2^2 x3 x4 - 1692.219 x1 x2^2 x3 + 55.167 x1 x2^2 x4^2 - 523.202 x1 x2^2 x4 + 2952.027 x1 x2^2 + 270.089 x1 x2 x3^3 + 367.375 x1 x2 x3^2 x4 - 3210.262 x1 x2 x3^2 - 68.076 x1 x2 x3 x4^2 - 1906.861 x1 x2 x3 x4 + 7894.343 x1 x2 x3 - 187.604 x1 x2 x4^2 + 1751.277 x1 x2 x4 - 9438.161 x1 x2 - 1257.768 x1 x3^3 - 15.074 x1 x3^2 x4^2 - 795.099 x1 x3^2 x4 + 6141.590 x1 x3^2 - 4.765 x1 x3 x4^3 + 244.704 x1 x3 x4^2 + 1764.389 x1 x3 x4 - 9485.884 x1 x3 + 3.857 x1 x4^3 + 121.765 x1 x4^2 - 1258.419 x1 x4 + 8402.601 x1 - 259.219 x2^4 x3 + 171.449 x2^4 + 386.460 x2^3 x3^2 - 186.672 x2^3 x3 x4 + 2184.708 x2^3 x3 - 64.011 x2^3 x4^2 + 353.236 x2^3 x4 - 1550.759 x2^3 + 18.095 x2^2 x3^3 - 3304.497 x2^2 x3^2 + 683.397 x2^2 x3 x4 - 4499.051 x2^2 x3 + 384.970 x2^2 x4^2 - 1810.092 x2^2 x4 + 3685.712 x2^2 - 243.171 x2 x3^4 + 183.338 x2 x3^3 - 629.093 x2 x3^2 x4 + 10204.543 x2 x3^2 - 15.201 x2 x3 x4^3 + 216.718 x2 x3 x4^2 + 79.933 x2 x3 x4 - 2364.899 x2 x3 + 6.390 x2 x4^4 - 14.735 x2 x4^3 - 895.606 x2 x4^2 + 3014.849 x2 x4 - 850.463 x2 + 561.209 x3^4 - 144.627 x3^3 + 32.404 x3^2 x4^2 + 1319.846 x3^2 x4 - 11286.641 x3^2 + 58.928 x3 x4^3 - 669.995 x3 x4^2 - 1083.067 x3 x4 + 9901.076 x3 - 4.733 x4^5 + 25.197 x4^4 - 102.573 x4^3 + 1032.212 x4^2 - 1876.302 x4 - 3357.187,SSA omega=100000 R=1 seed=2,100000.0,1,2,35,0.01,10,5
dx2/dt,False,114,0,19536.26205306181,68.606 x1^5 - 58.246 x1^4 x2 - 19.992 x1^4 x3 - 310.115 x1^4 + 659.109 x1^3 x2^2 - 571.685 x1^3 x2 x3 - 174.999 x1^3 x2 x4 - 2085.667 x1^3 x2 - 829.399 x1^3 x3^2 + 2151.084 x1^3 x3 + 438.646 x1^3 x4 + 2054.261 x1^3 + 2350.897 x1^2 x2^2 x3 + 648.205 x1^2 x2^2 x4 - 5170.088 x1^2 x2^2 + 413.763 x1^2 x2 x3^2 - 99.254 x1^2 x2 x3 x4 - 9106.416 x1^2 x2 x3 - 211.393 x1^2 x2 x4^2 - 1572.628 x1^2 x2 x4 + 20434.553 x1^2 x2 - 256.766 x1^2 x3^3 + 587.189 x1^2 x3^2 x4 + 818.715 x1^2 x3^2 + 8.146 x1^2 x3 x4^2 - 777.657 x1^2 x3 x4 + 7635.696 x1^2 x3 - 109.814 x1^2 x4^3 + 1109.224 x1^2 x4^2 - 647.565 x1^2 x4 - 19601.455 x1^2 - 1328.461 x1 x2^3 x3 - 1384.052 x1 x2^3 x4 + 2831.713 x1 x2^3 + 403.636 x1 x2^2 x3^2 - 2037.292 x1 x2^2 x3 x4 + 4677.357 x1 x2^2 x3 + 676.258 x1 x2^2 x4^2 + 7005.329 x1 x2^2 x4 - 9458.347 x1 x2^2 + 2570.251 x1 x2 x3^3 - 1263.600 x1 x2 x3^2 x4 - 7282.429 x1 x2 x3^2 - 4.227 x1 x2 x3 x4^2 + 11604.157 x1 x2 x3 x4 + 837.480 x1 x2 x3 - 2590.038 x1 x2 x4^2 - 12927.630 x1 x2 x4 + 1139.700 x1 x2 + 1227.051 x1 x3^4 - 72.795 x1 x3^3 x4 - 9162.212 x1 x3^3 - 6.322 x1 x3^2 x4^2 + 1621.540 x1 x3^2 x4 + 18368.982 x1 x3^2 - 233.728 x1 x3 x4^3 + 1190.294 x1 x3 x4^2 - 14828.686 x1 x3 x4 - 13450.599 x1 x3 - 20.804 x1 x4^4 + 624.401 x1 x4^3 - 600.070 x1 x4^2 + 13106.617 x1 x4 + 11764.557 x1 - 710.884 x2^5 - 1912.213 x2^4 x3 + 1036.779 x2^4 x4 + 7667.421 x2^4 - 881.920 x2^3 x3^2 - 64.686 x2^3 x3 x4 + 19788.855 x2^3 x3 - 419.513 x2^3 x4^2 - 6654.014 x2^3 x4 - 36131.138 x2^3 - 970.260 x2^2 x3^3 - 44.108 x2^2 x3^2 x4 + 7693.348 x2^2 x3^2 + 3594.523 x2^2 x3 x4 - 75025.715 x2^2 x3 + 126.815 x2^2 x4^3 + 954.210 x2^2 x4^2 + 16517.640 x2^2 x4 + 86658.369 x2^2 + 1359.412 x2 x3^4 - 2724.539 x2 x3^3 + 1549.129 x2 x3^2 x4 - 9025.773 x2 x3^2 - 63.237 x2 x3 x4^3 - 214.803 x2 x3 x4^2 - 16291.768 x2 x3 x4 + 114874.241 x2 x3 + 122.713 x2 x4^4 - 1416.719 x2 x4^3 + 4338.886 x2 x4^2 - 22673.987 x2 x4 - 96101.118 x2 + 1619.359 x3^5 + 96.089 x3^4 x4 - 10443.275 x3^4 - 402.592 x3^3 x4^2 + 1234.037 x3^3 x4 + 22677.708 x3^3 + 612.219 x3^2 x4^2 - 4608.932 x3^2 x4 - 17929.786 x3^2 - 22.703 x3 x4^4 + 514.789 x3 x4^3 - 1064.988 x3 x4^2 + 19836.643 x3 x4 - 50997.583 x3 - 2.129 x4^5 - 196.536 x4^4 + 1733.995 x4^3 - 6956.269 x4^2 + 13486.919 x4 + 34380.836,SSA omega=100000 R=1 seed=2,100000.0,1,2,35,0.01,10,5
dx3/dt,False,114,0,19536.26205306181,-68.606 x1^5 + 58.246 x1^4 x2 + 19.992 x1^4 x3 + 310.115 x1^4 - 659.109 x1^3 x2^2 + 571.685 x1^3 x2 x3 + 174.999 x1^3 x2 x4 + 2085.667 x1^3 x2 + 829.399 x1^3 x3^2 - 2151.084 x1^3 x3 - 438.646 x1^3 x4 - 2054.261 x1^3 - 2350.897 x1^2 x2^2 x3 - 648.205 x1^2 x2^2 x4 + 5170.088 x1^2 x2^2 - 413.763 x1^2 x2 x3^2 + 99.254 x1^2 x2 x3 x4 + 9106.416 x1^2 x2 x3 + 211.393 x1^2 x2 x4^2 + 1572.628 x1^2 x2 x4 - 20434.553 x1^2 x2 + 256.766 x1^2 x3^3 - 587.189 x1^2 x3^2 x4 - 818.715 x1^2 x3^2 - 8.146 x1^2 x3 x4^2 + 777.657 x1^2 x3 x4 - 7635.696 x1^2 x3 + 109.814 x1^2 x4^3 - 1109.224 x1^2 x4^2 + 647.565 x1^2 x4 + 19601.455 x1^2 + 1328.461 x1 x2^3 x3 + 1384.052 x1 x2^3 x4 - 2831.713 x1 x2^3 - 403.636 x1 x2^2 x3^2 + 2037.292 x1 x2^2 x3 x4 - 4677.357 x1 x2^2 x3 - 676.258 x1 x2^2 x4^2 - 7005.329 x1 x2^2 x4 + 9458.347 x1 x2^2 - 2570.251 x1 x2 x3^3 + 1263.600 x1 x2 x3^2 x4 + 7282.429 x1 x2 x3^2 + 4.227 x1 x2 x3 x4^2 - 11604.157 x1 x2 x3 x4 - 837.480 x1 x2 x3 + 2590.038 x1 x2 x4^2 + 12927.630 x1 x2 x4 - 1139.700 x1 x2 - 1227.051 x1 x3^4 + 72.795 x1 x3^3 x4 + 9162.212 x1 x3^3 + 6.322 x1 x3^2 x4^2 - 1621.540 x1 x3^2 x4 - 18368.982 x1 x3^2 + 233.728 x1 x3 x4^3 - 1190.294 x1 x3 x4^2 + 14828.686 x1 x3 x4 + 13450.599 x1 x3 + 20.804 x1 x4^4 - 624.401 x1 x4^3 + 600.070 x1 x4^2 - 13106.617 x1 x4 - 11764.557 x1 + 710.884 x2^5 + 1912.213 x2^4 x3 - 1036.779 x2^4 x4 - 7667.421 x2^4 + 881.920 x2^3 x3^2 + 64.686 x2^3 x3 x4 - 19788.855 x2^3 x3 + 419.513 x2^3 x4^2 + 6654.014 x2^3 x4 + 36131.138 x2^3 + 970.260 x2^2 x3^3 + 44.108 x2^2 x3^2 x4 - 7693.348 x2^2 x3^2 - 3594.523 x2^2 x3 x4 + 75025.715 x2^2 x3 - 126.815 x2^2 x4^3 - 954.210 x2^2 x4^2 - 16517.640 x2^2 x4 - 86658.369 x2^2 - 1359.412 x2 x3^4 + 2724.539 x2 x3^3 - 1549.129 x2 x3^2 x4 + 9025.773 x2 x3^2 + 63.237 x2 x3 x4^3 + 214.803 x2 x3 x4^2 + 16291.768 x2 x3 x4 - 114874.241 x2 x3 - 122.713 x2 x4^4 + 1416.719 x2 x4^3 - 4338.886 x2 x4^2 + 22673.987 x2 x4 + 96101.118 x2 - 1619.359 x3^5 - 96.089 x3^4 x4 + 10443.275 x3^4 + 402.592 x3^3 x4^2 - 1234.037 x3^3 x4 - 22677.708 x3^3 - 612.219 x3^2 x4^2 + 4608.932 x3^2 x4 + 17929.786 x3^2 + 22.703 x3 x4^4 - 514.789 x3 x4^3 + 1064.988 x3 x4^2 - 19836.643 x3 x4 + 50997.583 x3 + 2.129 x4^5 + 196.536 x4^4 - 1733.995 x4^3 + 6956.269 x4^2 - 13486.919 x4 - 34380.836,SSA omega=100000 R=1 seed=2,100000.0,1,2,35,0.01,10,5
dx4/dt,True,0,0,0.0035115616510965,1.504 x3,SSA omega=100000 R=1 seed=2,100000.0,1,2,35,0.01,10,5
dx1/dt,False,93,0,1986.8523119392685,3.589 x1^4 x2 + 7.318 x1^4 x3 - 1.856 x1^4 x4 - 10.101 x1^4 - 17.947 x1^3 x2 + 10.462 x1^3 x3^2 - 4.305 x1^3 x3 x4 - 44.059 x1^3 x3 + 12.260 x1^3 x4 + 48.991 x1^3 + 9.849 x1^2 x2^2 - 16.311 x1^2 x2 x3^2 + 2.199 x1^2 x2 x3 x4 + 16.763 x1^2 x2 x3 + 1.786 x1^2 x2 x4^2 - 8.253 x1^2 x2 x4 - 14.414 x1^2 x2 - 8.977 x1^2 x3^2 + 6.641 x1^2 x3 x4 + 71.604 x1^2 x3 - 1.615 x1^2 x4^3 + 4.357 x1^2 x4^2 - 15.846 x1^2 x4 - 38.634 x1^2 - 9.351 x1 x2^3 - 44.021 x1 x2^2 x3^2 - 39.551 x1 x2^2 x3 x4 + 130.149 x1 x2^2 x3 + 2.845 x1 x2^2 x4^2 + 20.288 x1 x2^2 x4 - 29.315 x1 x2^2 - 61.214 x1 x2 x3^3 - 8.312 x1 x2 x3^2 x4 + 385.613 x1 x2 x3^2 + 193.093 x1 x2 x3 x4 - 750.291 x1 x2 x3 - 1.789 x1 x2 x4^3 - 8.203 x1 x2 x4^2 - 91.950 x1 x2 x4 + 294.306 x1 x2 + 10.926 x1 x3^4 + 111.026 x1 x3^3 + 2.198 x1 x3^2 x4^2 + 11.491 x1 x3^2 x4 - 546.601 x1 x3^2 - 1.645 x1 x3 x4^3 + 8.437 x1 x3 x4^2 - 244.523 x1 x3 x4 + 872.109 x1 x3 - 1.741 x1 x4^4 + 21.492 x1 x4^3 - 52.536 x1 x4^2 + 175.690 x1 x4 - 373.236 x1 - 50.349 x2^4 x3 + 34.848 x2^4 + 1.063 x2^3 x3^2 + 442.735 x2^3 x3 - 1.911 x2^3 x4^2 + 3.560 x2^3 x4 - 287.111 x2^3 + 15.788 x2^2 x3^2 x4 + 20.039 x2^2 x3^2 + 42.767 x2^2 x3 x4 - 1588.624 x2^2 x3 - 1.663 x2^2 x4^3 + 18.411 x2^2 x4^2 - 66.971 x2^2 x4 + 972.583 x2^2 + 78.015 x2 x3^3 - 60.484 x2 x3^2 x4 - 309.815 x2 x3^2 + 5.113 x2 x3 x4^2 - 232.410 x2 x3 x4 + 2907.696 x2 x3 + 8.900 x2 x4^3 - 61.530 x2 x4^2 + 269.485 x2 x4 - 1665.309 x2 - 13.657 x3^4 - 1.574 x3^3 x4^2 + 5.510 x3^3 x4 - 160.263 x3^3 + 2.145 x3^2 x4^2 + 51.709 x3^2 x4 + 553.712 x3^2 + 2.056 x3 x4^3 - 24.156 x3 x4^2 + 318.748 x3 x4 - 2186.900 x3 + 2.176 x4^4 - 30.230 x4^3 + 121.491 x4^2 - 359.923 x4 + 1178.850,SSA omega=1e+06 R=1 seed=0,1000000.0,1,0,35,0.01,10,5
dx2/dt,False,107,0,5343.1062002497565,58.171 x1^5 + 52.715 x1^4 x3 + 7.839 x1^4 x4 - 480.789 x1^4 + 81.189 x1^3 x2 x4 - 166.168 x1^3 x2 - 7.130 x1^3 x3^2 + 36.238 x1^3 x3 x4 - 455.710 x1^3 x3 - 251.651 x1^3 x4 + 1915.068 x1^3 - 246.040 x1^2 x2^2 x4 + 290.454 x1^2 x2^2 - 464.982 x1^2 x2 x3^2 - 151.698 x1^2 x2 x3 x4 + 528.986 x1^2 x2 x3 + 48.515 x1^2 x2 x4^2 + 818.145 x1^2 x2 x4 - 762.417 x1^2 x2 + 533.336 x1^2 x3^3 + 124.892 x1^2 x3^2 x4 - 290.258 x1^2 x3^2 + 124.388 x1^2 x3 x4 + 843.495 x1^2 x3 + 42.567 x1^2 x4^3 - 335.440 x1^2 x4^2 - 111.509 x1^2 x4 - 2198.482 x1^2 + 115.468 x1 x2^4 - 972.986 x1 x2^3 + 236.519 x1 x2^2 x3^2 + 137.320 x1 x2^2 x3 x4 - 412.140 x1 x2^2 x3 - 68.253 x1 x2^2 x4^2 + 795.687 x1 x2^2 x4 + 2228.900 x1 x2^2 + 351.493 x1 x2 x3^3 + 32.403 x1 x2 x3^2 x4 - 715.787 x1 x2 x3^2 - 270.405 x1 x2 x3 x4 + 1304.724 x1 x2 x3 - 73.625 x1 x2 x4^3 + 527.637 x1 x2 x4^2 - 3702.227 x1 x2 x4 - 1195.775 x1 x2 + 509.390 x1 x3^4 - 3919.077 x1 x3^3 + 25.188 x1 x3^2 x4^2 - 475.171 x1 x3^2 x4 + 5625.312 x1 x3^2 + 87.525 x1 x3 x4^3 - 507.279 x1 x3 x4^2 + 966.837 x1 x3 x4 - 4666.131 x1 x3 + 34.851 x1 x4^4 - 241.034 x1 x4^3 + 599.305 x1 x4^2 + 2510.898 x1 x4 + 1472.496 x1 + 544.886 x2^4 x3 - 131.495 x2^4 x4 - 291.346 x2^4 + 710.195 x2^3 x3^2 - 5391.120 x2^3 x3 - 41.636 x2^3 x4^2 + 1433.584 x2^3 x4 + 2181.154 x2^3 - 573.220 x2^2 x3^2 x4 - 3414.034 x2^2 x3^2 + 229.741 x2^2 x3 x4^2 - 211.578 x2^2 x3 x4 + 18227.461 x2^2 x3 - 82.517 x2^2 x4^3 + 674.744 x2^2 x4^2 - 6635.588 x2^2 x4 - 4508.337 x2^2 + 84.719 x2 x3^4 - 129.505 x2 x3^3 x4 - 346.670 x2 x3^3 - 238.179 x2 x3^2 x4^2 + 3306.402 x2 x3^2 x4 + 4337.365 x2 x3^2 - 2.457 x2 x3 x4^3 - 671.614 x2 x3 x4^2 + 23.432 x2 x3 x4 - 25079.395 x2 x3 + 527.575 x2 x4^3 - 3199.064 x2 x4^2 + 15073.636 x2 x4 + 872.464 x2 + 54.168 x3^4 x4 - 927.053 x3^4 - 98.510 x3^3 x4^2 + 332.237 x3^3 x4 + 4054.418 x3^3 + 722.746 x3^2 x4^2 - 4494.761 x3^2 x4 - 4990.577 x3^2 + 43.768 x3 x4^4 - 435.740 x3 x4^3 + 1634.392 x3 x4^2 - 463.577 x3 x4 + 13951.003 x3 + 1.510 x4^5 - 87.072 x4^4 - 83.301 x4^3 + 2365.613 x4^2 - 11432.338 x4 + 2834.723,SSA omega=1e+06 R=1 seed=0,1000000.0,1,0,35,0.01,10,5
dx3/dt,False,107,0,5343.1062002497565,-58.171 x1^5 - 52.715 x1^4 x3 - 7.839 x1^4 x4 + 480.789 x1^4 - 81.189 x1^3 x2 x4 + 166.168 x1^3 x2 + 7.130 x1^3 x3^2 - 36.238 x1^3 x3 x4 + 455.710 x1^3 x3 + 251.651 x1^3 x4 - 1915.068 x1^3 + 246.040 x1^2 x2^2 x4 - 290.454 x1^2 x2^2 + 464.982 x1^2 x2 x3^2 + 151.698 x1^2 x2 x3 x4 - 528.986 x1^2 x2 x3 - 48.515 x1^2 x2 x4^2 - 818.145 x1^2 x2 x4 + 762.417 x1^2 x2 - 533.336 x1^2 x3^3 - 124.892 x1^2 x3^2 x4 + 290.258 x1^2 x3^2 - 124.388 x1^2 x3 x4 - 843.495 x1^2 x3 - 42.567 x1^2 x4^3 + 335.440 x1^2 x4^2 + 111.509 x1^2 x4 + 2198.482 x1^2 - 115.468 x1 x2^4 + 972.986 x1 x2^3 - 236.519 x1 x2^2 x3^2 - 137.320 x1 x2^2 x3 x4 + 412.140 x1 x2^2 x3 + 68.253 x1 x2^2 x4^2 - 795.687 x1 x2^2 x4 - 2228.900 x1 x2^2 - 351.493 x1 x2 x3^3 - 32.403 x1 x2 x3^2 x4 + 715.787 x1 x2 x3^2 + 270.405 x1 x2 x3 x4 - 1304.724 x1 x2 x3 + 73.625 x1 x2 x4^3 - 527.637 x1 x2 x4^2 + 3702.227 x1 x2 x4 + 1195.775 x1 x2 - 509.390 x1 x3^4 + 3919.077 x1 x3^3 - 25.188 x1 x3^2 x4^2 + 475.171 x1 x3^2 x4 - 5625.312 x1 x3^2 - 87.525 x1 x3 x4^3 + 507.279 x1 x3 x4^2 - 966.837 x1 x3 x4 + 4666.131 x1 x3 - 34.851 x1 x4^4 + 241.034 x1 x4^3 - 599.305 x1 x4^2 - 2510.898 x1 x4 - 1472.496 x1 - 544.886 x2^4 x3 + 131.495 x2^4 x4 + 291.346 x2^4 - 710.195 x2^3 x3^2 + 5391.120 x2^3 x3 + 41.636 x2^3 x4^2 - 1433.584 x2^3 x4 - 2181.154 x2^3 + 573.220 x2^2 x3^2 x4 + 3414.034 x2^2 x3^2 - 229.741 x2^2 x3 x4^2 + 211.578 x2^2 x3 x4 - 18227.461 x2^2 x3 + 82.517 x2^2 x4^3 - 674.744 x2^2 x4^2 + 6635.588 x2^2 x4 + 4508.337 x2^2 - 84.719 x2 x3^4 + 129.505 x2 x3^3 x4 + 346.670 x2 x3^3 + 238.179 x2 x3^2 x4^2 - 3306.402 x2 x3^2 x4 - 4337.365 x2 x3^2 + 2.457 x2 x3 x4^3 + 671.614 x2 x3 x4^2 - 23.432 x2 x3 x4 + 25079.395 x2 x3 - 527.575 x2 x4^3 + 3199.064 x2 x4^2 - 15073.636 x2 x4 - 872.464 x2 - 54.168 x3^4 x4 + 927.053 x3^4 + 98.510 x3^3 x4^2 - 332.237 x3^3 x4 - 4054.418 x3^3 - 722.746 x3^2 x4^2 + 4494.761 x3^2 x4 + 4990.577 x3^2 - 43.768 x3 x4^4 + 435.740 x3 x4^3 - 1634.392 x3 x4^2 + 463.577 x3 x4 - 13951.003 x3 - 1.510 x4^5 + 87.072 x4^4 + 83.301 x4^3 - 2365.613 x4^2 + 11432.338 x4 - 2834.723,SSA omega=1e+06 R=1 seed=0,1000000.0,1,0,35,0.01,10,5
dx4/dt,True,0,0,0.0017889087656529,1.512 x3,SSA omega=1e+06 R=1 seed=0,1000000.0,1,0,35,0.01,10,5
dx1/dt,False,75,0,390.3601758018234,1.439 x1^5 - 8.991 x1^4 + 19.479 x1^3 - 1.061 x1^2 x2^2 x4 - 1.056 x1^2 x2^2 - 5.055 x1^2 x2 x3^2 - 3.576 x1^2 x2 x3 x4 + 13.796 x1^2 x2 x3 - 1.224 x1^2 x2 x4^2 + 13.468 x1^2 x2 x4 - 7.998 x1^2 x2 + 2.085 x1^2 x3^2 x4 + 4.902 x1^2 x3^2 + 5.938 x1^2 x3 x4 - 20.303 x1^2 x3 + 5.813 x1^2 x4^2 - 29.176 x1^2 x4 + 2.415 x1^2 + 2.851 x1 x2^3 - 1.217 x1 x2^2 x3 + 1.696 x1 x2^2 x4 - 14.275 x1 x2^2 - 3.105 x1 x2 x3^3 + 3.568 x1 x2 x3^2 x4 + 11.076 x1 x2 x3^2 - 18.959 x1 x2 x3 + 4.988 x1 x2 x4^2 - 28.721 x1 x2 x4 + 44.203 x1 x2 - 5.987 x1 x3^4 + 23.743 x1 x3^3 - 15.348 x1 x3^2 x4 - 19.535 x1 x3^2 - 1.012 x1 x3 x4^3 + 4.171 x1 x3 x4^2 + 2.136 x1 x3 x4 + 18.749 x1 x3 + 4.104 x1 x4^3 - 24.767 x1 x4^2 + 72.343 x1 x4 - 50.830 x1 - 31.305 x2^4 x3 + 21.667 x2^4 + 267.702 x2^3 x3 - 186.366 x2^3 + 10.752 x2^2 x3^2 x4 - 19.294 x2^2 x3^2 - 14.311 x2^2 x3 x4 - 821.207 x2^2 x3 + 2.787 x2^2 x4 + 585.308 x2^2 - 1.076 x2 x3^3 + 4.227 x2 x3^2 x4^2 - 71.131 x2 x3^2 x4 + 106.392 x2 x3^2 - 4.847 x2 x3 x4^3 + 19.597 x2 x3 x4^2 + 60.258 x2 x3 x4 + 1046.694 x2 x3 + 6.027 x2 x4^3 - 24.788 x2 x4^2 + 18.164 x2 x4 - 802.575 x2 + 7.484 x3^4 - 18.237 x3^3 - 10.435 x3^2 x4^2 + 111.066 x3^2 x4 - 138.106 x3^2 + 12.452 x3 x4^3 - 50.441 x3 x4^2 - 60.497 x3 x4 - 428.779 x3 - 1.430 x4^4 - 9.282 x4^3 + 57.239 x4^2 - 62.152 x4 + 405.382,SSA omega=1e+06 R=1 seed=1,1000000.0,1,1,35,0.01,10,5
dx2/dt,False,105,0,4110.87404450804,13.334 x1^5 - 10.026 x1^4 x3 + 3.798 x1^4 x4 - 83.045 x1^4 - 149.767 x1^3 x2^2 + 104.676 x1^3 x2 x4 + 514.288 x1^3 x2 - 37.536 x1^3 x3 x4 + 158.041 x1^3 x3 - 234.604 x1^3 x4 - 256.230 x1^3 - 117.520 x1^2 x2^3 - 17.615 x1^2 x2^2 x4 + 1461.083 x1^2 x2^2 + 118.735 x1^2 x2 x3^2 - 95.320 x1^2 x2 x3 x4 + 63.759 x1^2 x2 x3 - 10.510 x1^2 x2 x4^2 - 235.485 x1^2 x2 x4 - 4303.744 x1^2 x2 - 101.879 x1^2 x3^2 x4 - 67.579 x1^2 x3^2 - 27.504 x1^2 x3 x4^2 + 603.331 x1^2 x3 x4 - 976.281 x1^2 x3 + 52.976 x1^2 x4^2 + 443.436 x1^2 x4 + 3712.355 x1^2 + 47.435 x1 x2^4 - 4.475 x1 x2^3 - 133.427 x1 x2^2 x3^2 - 210.308 x1 x2^2 x3 x4 + 633.408 x1 x2^2 x3 + 62.361 x1 x2^2 x4 - 2465.908 x1 x2^2 - 72.081 x1 x2 x3^3 - 233.748 x1 x2 x3^2 x4 + 877.750 x1 x2 x3^2 + 1502.953 x1 x2 x3 x4 - 3731.151 x1 x2 x3 + 42.336 x1 x2 x4^3 - 195.991 x1 x2 x4^2 + 172.372 x1 x2 x4 + 8731.674 x1 x2 - 95.155 x1 x3^4 + 429.789 x1 x3^3 + 85.584 x1 x3^2 x4^2 + 526.036 x1 x3^2 x4 - 1854.898 x1 x3^2 - 12.665 x1 x3 x4^3 + 20.550 x1 x3 x4^2 - 2809.774 x1 x3 x4 + 6302.928 x1 x3 - 7.103 x1 x4^4 - 40.271 x1 x4^3 + 268.677 x1 x4^2 - 353.002 x1 x4 - 8542.707 x1 - 331.229 x2^4 x3 + 169.956 x2^4 + 2737.074 x2^3 x3 - 35.227 x2^3 x4^2 + 51.963 x2^3 x4 - 1620.461 x2^3 + 302.690 x2^2 x3^2 x4 - 362.921 x2^2 x3^2 + 82.100 x2^2 x3 x4^2 - 385.651 x2^2 x3 x4 - 8231.735 x2^2 x3 - 2.084 x2^2 x4^3 + 207.056 x2^2 x4^2 - 212.248 x2^2 x4 + 6070.843 x2^2 + 306.861 x2 x3^4 + 133.939 x2 x3^3 x4 - 1010.274 x2 x3^3 + 11.499 x2 x3^2 x4^2 - 1423.734 x2 x3^2 x4 + 2325.719 x2 x3^2 - 54.832 x2 x3 x4^3 - 11.946 x2 x3 x4^2 + 698.460 x2 x3 x4 + 11608.123 x2 x3 + 3.464 x2 x4^4 - 22.406 x2 x4^3 - 392.213 x2 x4^2 + 447.161 x2 x4 - 10954.014 x2 + 60.827 x3^4 x4 - 695.700 x3^4 + 9.696 x3^3 x4^2 - 557.300 x3^3 x4 + 2274.347 x3^3 - 118.654 x3^2 x4^2 + 2030.626 x3^2 x4 - 3219.757 x3^2 + 6.201 x3 x4^4 + 98.970 x3 x4^3 - 330.847 x3 x4^2 + 411.712 x3 x4 - 7496.152 x3 + 3.005 x4^5 - 29.699 x4^4 + 114.451 x4^3 + 181.704 x4^2 - 502.290 x4 + 7973.707,SSA omega=1e+06 R=1 seed=1,1000000.0,1,1,35,0.01,10,5
dx3/dt,False,105,0,4110.87404450804,-13.334 x1^5 + 10.026 x1^4 x3 - 3.798 x1^4 x4 + 83.045 x1^4 + 149.767 x1^3 x2^2 - 104.676 x1^3 x2 x4 - 514.288 x1^3 x2 + 37.536 x1^3 x3 x4 - 158.041 x1^3 x3 + 234.604 x1^3 x4 + 256.230 x1^3 + 117.520 x1^2 x2^3 + 17.615 x1^2 x2^2 x4 - 1461.083 x1^2 x2^2 - 118.735 x1^2 x2 x3^2 + 95.320 x1^2 x2 x3 x4 - 63.759 x1^2 x2 x3 + 10.510 x1^2 x2 x4^2 + 235.485 x1^2 x2 x4 + 4303.744 x1^2 x2 + 101.879 x1^2 x3^2 x4 + 67.579 x1^2 x3^2 + 27.504 x1^2 x3 x4^2 - 603.331 x1^2 x3 x4 + 976.281 x1^2 x3 - 52.976 x1^2 x4^2 - 443.436 x1^2 x4 - 3712.355 x1^2 - 47.435 x1 x2^4 + 4.475 x1 x2^3 + 133.427 x1 x2^2 x3^2 + 210.308 x1 x2^2 x3 x4 - 633.408 x1 x2^2 x3 - 62.361 x1 x2^2 x4 + 2465.908 x1 x2^2 + 72.081 x1 x2 x3^3 + 233.748 x1 x2 x3^2 x4 - 877.750 x1 x2 x3^2 - 1502.953 x1 x2 x3 x4 + 3731.151 x1 x2 x3 - 42.336 x1 x2 x4^3 + 195.991 x1 x2 x4^2 - 172.372 x1 x2 x4 - 8731.674 x1 x2 + 95.155 x1 x3^4 - 429.789 x1 x3^3 - 85.584 x1 x3^2 x4^2 - 526.036 x1 x3^2 x4 + 1854.898 x1 x3^2 + 12.665 x1 x3 x4^3 - 20.550 x1 x3 x4^2 + 2809.774 x1 x3 x4 - 6302.928 x1 x3 + 7.103 x1 x4^4 + 40.271 x1 x4^3 - 268.677 x1 x4^2 + 353.002 x1 x4 + 8542.707 x1 + 331.229 x2^4 x3 - 169.956 x2^4 - 2737.074 x2^3 x3 + 35.227 x2^3 x4^2 - 51.963 x2^3 x4 + 1620.461 x2^3 - 302.690 x2^2 x3^2 x4 + 362.921 x2^2 x3^2 - 82.100 x2^2 x3 x4^2 + 385.651 x2^2 x3 x4 + 8231.735 x2^2 x3 + 2.084 x2^2 x4^3 - 207.056 x2^2 x4^2 + 212.248 x2^2 x4 - 6070.843 x2^2 - 306.861 x2 x3^4 - 133.939 x2 x3^3 x4 + 1010.274 x2 x3^3 - 11.499 x2 x3^2 x4^2 + 1423.734 x2 x3^2 x4 - 2325.719 x2 x3^2 + 54.832 x2 x3 x4^3 + 11.946 x2 x3 x4^2 - 698.460 x2 x3 x4 - 11608.123 x2 x3 - 3.464 x2 x4^4 + 22.406 x2 x4^3 + 392.213 x2 x4^2 - 447.161 x2 x4 + 10954.014 x2 - 60.827 x3^4 x4 + 695.700 x3^4 - 9.696 x3^3 x4^2 + 557.300 x3^3 x4 - 2274.347 x3^3 + 118.654 x3^2 x4^2 - 2030.626 x3^2 x4 + 3219.757 x3^2 - 6.201 x3 x4^4 - 98.970 x3 x4^3 + 330.847 x3 x4^2 - 411.712 x3 x4 + 7496.152 x3 - 3.005 x4^5 + 29.699 x4^4 - 114.451 x4^3 - 181.704 x4^2 + 502.290 x4 - 7973.707,SSA omega=1e+06 R=1 seed=1,1000000.0,1,1,35,0.01,10,5
dx4/dt,True,0,0,0.0068243556615649,1.499 x3,SSA omega=1e+06 R=1 seed=1,1000000.0,1,1,35,0.01,10,5
dx1/dt,False,80,0,313.87730195052853,3.015 x1^3 x3 - 1.099 x1^3 - 7.243 x1^2 x2^2 x4 + 14.032 x1^2 x2^2 + 5.468 x1^2 x2 x3^2 - 9.678 x1^2 x2 x3 - 3.689 x1^2 x2 x4^2 + 44.517 x1^2 x2 x4 - 65.766 x1^2 x2 - 10.138 x1^2 x3^2 + 9.113 x1^2 x3 + 10.166 x1^2 x4^2 - 65.317 x1^2 x4 + 83.118 x1^2 + 6.102 x1 x2^4 - 58.214 x1 x2^3 - 21.411 x1 x2^2 x3 x4 + 37.469 x1 x2^2 x3 + 38.350 x1 x2^2 x4 + 136.900 x1 x2^2 - 23.230 x1 x2 x3^3 + 15.746 x1 x2 x3^2 x4 + 7.010 x1 x2 x3^2 + 75.303 x1 x2 x3 x4 - 141.412 x1 x2 x3 + 10.033 x1 x2 x4^2 - 200.097 x1 x2 x4 - 1.494 x1 x2 + 25.665 x1 x3^4 - 17.442 x1 x3^3 + 1.497 x1 x3^2 x4^2 - 41.579 x1 x3^2 x4 + 51.034 x1 x3^2 + 2.520 x1 x3 x4^2 - 59.131 x1 x3 x4 + 106.423 x1 x3 - 1.128 x1 x4^4 + 9.419 x1 x4^3 - 47.757 x1 x4^2 + 276.302 x1 x4 - 185.035 x1 - 32.785 x2^4 x3 + 15.064 x2^4 + 26.833 x2^3 x3^2 + 258.449 x2^3 x3 + 1.999 x2^3 x4^2 - 9.680 x2^3 x4 - 107.685 x2^3 + 12.752 x2^2 x3^3 - 212.257 x2^2 x3^2 + 35.137 x2^2 x3 x4 - 775.021 x2^2 x3 - 11.679 x2^2 x4^2 + 20.805 x2^2 x4 + 327.810 x2^2 + 23.177 x2 x3^4 + 13.916 x2 x3^3 x4 - 113.097 x2 x3^3 + 4.457 x2 x3^2 x4^2 - 70.932 x2 x3^2 x4 + 643.987 x2 x3^2 - 6.170 x2 x3 x4^2 - 86.391 x2 x3 x4 + 980.837 x2 x3 + 1.695 x2 x4^3 + 16.085 x2 x4^2 + 57.333 x2 x4 - 527.948 x2 - 85.572 x3^4 - 32.116 x3^3 x4 + 277.263 x3^3 - 11.890 x3^2 x4^2 + 169.876 x3^2 x4 - 764.962 x3^2 + 10.315 x3 x4^2 + 11.103 x3 x4 - 344.553 x3 + 2.072 x4^4 - 14.655 x4^3 + 27.840 x4^2 - 143.501 x4 + 359.189,SSA omega=1e+06 R=1 seed=2,1000000.0,1,2,35,0.01,10,5
dx2/dt,False,109,0,12014.053526377227,24.161 x1^5 + 50.307 x1^4 x2 + 88.973 x1^4 x3 - 328.686 x1^4 - 282.545 x1^3 x2^2 - 182.410 x1^3 x2 x3 + 59.068 x1^3 x2 x4 + 1114.090 x1^3 x2 - 9.906 x1^3 x3 x4 + 69.044 x1^3 x3 + 5.747 x1^3 x4^2 - 149.581 x1^3 x4 - 437.105 x1^3 - 44.273 x1^2 x2^2 x4 + 1139.643 x1^2 x2^2 - 601.880 x1^2 x2 x3^2 - 93.986 x1^2 x2 x3 x4 + 1577.649 x1^2 x2 x3 + 9.729 x1^2 x2 x4^2 - 35.524 x1^2 x2 x4 - 5262.690 x1^2 x2 - 136.970 x1^2 x3^2 x4 + 1755.462 x1^2 x3^2 + 22.221 x1^2 x3 x4^2 + 365.359 x1^2 x3 x4 - 3703.646 x1^2 x3 + 8.145 x1^2 x4^3 - 102.145 x1^2 x4^2 + 444.896 x1^2 x4 + 5356.581 x1^2 - 241.716 x1 x2^4 - 110.348 x1 x2^3 x3 + 2487.414 x1 x2^3 - 680.693 x1 x2^2 x3^2 - 302.796 x1 x2^2 x3 x4 + 2236.137 x1 x2^2 x3 - 57.742 x1 x2^2 x4^2 + 461.947 x1 x2^2 x4 - 11433.069 x1 x2^2 - 658.605 x1 x2 x3^3 - 163.461 x1 x2 x3^2 x4 + 6300.176 x1 x2 x3^2 + 1948.325 x1 x2 x3 x4 - 12868.849 x1 x2 x3 + 65.936 x1 x2 x4^3 - 103.961 x1 x2 x4^2 - 1494.300 x1 x2 x4 + 25522.453 x1 x2 - 147.278 x1 x3^4 + 1927.718 x1 x3^3 - 32.679 x1 x3^2 x4^2 + 796.272 x1 x3^2 x4 - 12182.361 x1 x3^2 + 33.015 x1 x3 x4^3 - 126.077 x1 x3 x4^2 - 3255.182 x1 x3 x4 + 20285.609 x1 x3 + 1.628 x1 x4^4 - 205.128 x1 x4^3 + 794.591 x1 x4^2 + 736.263 x1 x4 - 21491.670 x1 + 364.293 x2^4 x3 - 1.071 x2^4 x4 + 51.885 x2^4 + 795.083 x2^3 x3^2 - 4453.620 x2^3 x3 - 43.908 x2^3 x4^2 + 145.430 x2^3 x4 - 484.709 x2^3 + 150.528 x2^2 x3^3 - 573.105 x2^2 x3^2 x4 - 3963.631 x2^2 x3^2 + 1224.137 x2^2 x3 x4 + 15896.695 x2^2 x3 + 40.968 x2^2 x4^3 + 180.550 x2^2 x4^2 - 1456.086 x2^2 x4 + 3315.484 x2^2 + 7.017 x2 x3^4 - 145.880 x2 x3^3 x4 + 84.658 x2 x3^3 + 33.012 x2 x3^2 x4^2 + 3085.243 x2 x3^2 x4 + 2462.644 x2 x3^2 + 153.640 x2 x3 x4^3 - 882.657 x2 x3 x4^2 - 4981.966 x2 x3 x4 - 17049.663 x2 x3 + 3.667 x2 x4^4 - 416.836 x2 x4^3 + 1041.147 x2 x4^2 + 2834.546 x2 x4 - 10320.822 x2 - 70.532 x3^5 + 496.777 x3^4 + 312.788 x3^3 x4 - 2017.035 x3^3 - 16.239 x3^2 x4^3 + 45.085 x3^2 x4^2 - 4332.460 x3^2 x4 + 6774.772 x3^2 - 352.342 x3 x4^3 + 1926.623 x3 x4^2 + 5381.253 x3 x4 - 1557.031 x3 - 10.497 x4^4 + 770.718 x4^3 - 2877.624 x4^2 - 560.307 x4 + 10640.981,SSA omega=1e+06 R=1 seed=2,1000000.0,1,2,35,0.01,10,5
dx3/dt,False,109,0,12014.053526377227,-24.161 x1^5 - 50.307 x1^4 x2 - 88.973 x1^4 x3 + 328.686 x1^4 + 282.545 x1^3 x2^2 + 182.410 x1^3 x2 x3 - 59.068 x1^3 x2 x4 - 1114.090 x1^3 x2 + 9.906 x1^3 x3 x4 - 69.044 x1^3 x3 - 5.747 x1^3 x4^2 + 149.581 x1^3 x4 + 437.105 x1^3 + 44.273 x1^2 x2^2 x4 - 1139.643 x1^2 x2^2 + 601.880 x1^2 x2 x3^2 + 93.986 x1^2 x2 x3 x4 - 1577.649 x1^2 x2 x3 - 9.729 x1^2 x2 x4^2 + 35.524 x1^2 x2 x4 + 5262.690 x1^2 x2 + 136.970 x1^2 x3^2 x4 - 1755.462 x1^2 x3^2 - 22.221 x1^2 x3 x4^2 - 365.359 x1^2 x3 x4 + 3703.646 x1^2 x3 - 8.145 x1^2 x4^3 + 102.145 x1^2 x4^2 - 444.896 x1^2 x4 - 5356.581 x1^2 + 241.716 x1 x2^4 + 110.348 x1 x2^3 x3 - 2487.414 x1 x2^3 + 680.693 x1 x2^2 x3^2 + 302.796 x1 x2^2 x3 x4 - 2236.137 x1 x2^2 x3 + 57.742 x1 x2^2 x4^2 - 461.947 x1 x2^2 x4 + 11433.069 x1 x2^2 + 658.605 x1 x2 x3^3 + 163.461 x1 x2 x3^2 x4 - 6300.176 x1 x2 x3^2 - 1948.325 x1 x2 x3 x4 + 12868.849 x1 x2 x3 - 65.936 x1 x2 x4^3 + 103.961 x1 x2 x4^2 + 1494.300 x1 x2 x4 - 25522.453 x1 x2 + 147.278 x1 x3^4 - 1927.718 x1 x3^3 + 32.679 x1 x3^2 x4^2 - 796.272 x1 x3^2 x4 + 12182.361 x1 x3^2 - 33.015 x1 x3 x4^3 + 126.077 x1 x3 x4^2 + 3255.182 x1 x3 x4 - 20285.609 x1 x3 - 1.628 x1 x4^4 + 205.128 x1 x4^3 - 794.591 x1 x4^2 - 736.263 x1 x4 + 21491.670 x1 - 364.293 x2^4 x3 + 1.071 x2^4 x4 - 51.885 x2^4 - 795.083 x2^3 x3^2 + 4453.620 x2^3 x3 + 43.908 x2^3 x4^2 - 145.430 x2^3 x4 + 484.709 x2^3 - 150.528 x2^2 x3^3 + 573.105 x2^2 x3^2 x4 + 3963.631 x2^2 x3^2 - 1224.137 x2^2 x3 x4 - 15896.695 x2^2 x3 - 40.968 x2^2 x4^3 - 180.550 x2^2 x4^2 + 1456.086 x2^2 x4 - 3315.484 x2^2 - 7.017 x2 x3^4 + 145.880 x2 x3^3 x4 - 84.658 x2 x3^3 - 33.012 x2 x3^2 x4^2 - 3085.243 x2 x3^2 x4 - 2462.644 x2 x3^2 - 153.640 x2 x3 x4^3 + 882.657 x2 x3 x4^2 + 4981.966 x2 x3 x4 + 17049.663 x2 x3 - 3.667 x2 x4^4 + 416.836 x2 x4^3 - 1041.147 x2 x4^2 - 2834.546 x2 x4 + 10320.822 x2 + 70.532 x3^5 - 496.777 x3^4 - 312.788 x3^3 x4 + 2017.035 x3^3 + 16.239 x3^2 x4^3 - 45.085 x3^2 x4^2 + 4332.460 x3^2 x4 - 6774.772 x3^2 + 352.342 x3 x4^3 - 1926.623 x3 x4^2 - 5381.253 x3 x4 + 1557.031 x3 + 10.497 x4^4 - 770.718 x4^3 + 2877.624 x4^2 + 560.307 x4 - 10640.981,SSA omega=1e+06 R=1 seed=2,1000000.0,1,2,35,0.01,10,5
dx4/dt,True,0,0,0.0004637911614655,1.510 x3,SSA omega=1e+06 R=1 seed=2,1000000.0,1,2,35,0.01,10,5
dx1/dt,True,0,0,0.0265518869637862,-2.111 x1 x2 + 1.072 x3,deterministic (ODE),inf,0,-1,35,0.01,10,5
dx2/dt,False,23,0,4.138783546699149,1.829 x1 x2^3 + 1.305 x1 x2^2 x3 - 5.796 x1 x2^2 - 2.390 x1 x2 x3 + 1.564 x1 x2 x4 + 5.203 x1 x2 + 1.371 x1 x3 - 1.406 x1 x4 - 3.201 x1 - 1.692 x2^3 x3 - 3.621 x2^2 x3^2 + 7.994 x2^2 x3 + 1.016 x2^2 x4 + 1.034 x2^2 - 2.429 x2 x3^3 + 10.014 x2 x3^2 - 15.937 x2 x3 - 2.064 x2 x4 + 3.362 x3^3 - 1.816 x3^2 x4 - 8.712 x3^2 + 1.833 x3 x4 + 13.415 x3 + 1.431 x4 - 1.679,deterministic (ODE),inf,0,-1,35,0.01,10,5
dx3/dt,False,23,0,4.138783546699149,-1.829 x1 x2^3 - 1.305 x1 x2^2 x3 + 5.796 x1 x2^2 + 2.390 x1 x2 x3 - 1.564 x1 x2 x4 - 5.203 x1 x2 - 1.371 x1 x3 + 1.406 x1 x4 + 3.201 x1 + 1.692 x2^3 x3 + 3.621 x2^2 x3^2 - 7.994 x2^2 x3 - 1.016 x2^2 x4 - 1.034 x2^2 + 2.429 x2 x3^3 - 10.014 x2 x3^2 + 15.937 x2 x3 + 2.064 x2 x4 - 3.362 x3^3 + 1.816 x3^2 x4 + 8.712 x3^2 - 1.833 x3 x4 - 13.415 x3 - 1.431 x4 + 1.679,deterministic (ODE),inf,0,-1,35,0.01,10,5
dx4/dt,True,0,0,0.0004637911614655,1.510 x3,deterministic (ODE),inf,0,-1,35,0.01,10,5
dx1/dt,False,94,0,254.89063237804652,1.055 x1^5 - 7.935 x1^4 - 1.298 x1^3 x2^2 + 1.232 x1^3 x2 - 1.643 x1^3 x3^2 + 6.381 x1^3 x3 + 12.779 x1^3 + 3.502 x1^2 x2^2 + 2.025 x1^2 x2 x3^2 - 1.410 x1^2 x2 x3 x4 + 1.207 x1^2 x2 x3 + 2.743 x1^2 x2 x4 - 10.763 x1^2 x2 + 1.556 x1^2 x3^3 + 1.815 x1^2 x3^2 x4 - 4.918 x1^2 x3^2 - 1.168 x1^2 x3 x4^2 + 5.782 x1^2 x3 x4 - 17.245 x1^2 x3 + 4.281 x1^2 x4^2 - 10.462 x1^2 x4 + 5.447 x1^2 - 5.568 x1 x2^4 - 5.611 x1 x2^3 x3 + 50.759 x1 x2^3 + 4.727 x1 x2^2 x3^2 - 1.657 x1 x2^2 x3 x4 + 36.621 x1 x2^2 x3 - 2.061 x1 x2^2 x4 - 176.233 x1 x2^2 + 2.430 x1 x2 x3^3 + 1.660 x1 x2 x3^2 x4 - 38.378 x1 x2 x3^2 + 4.471 x1 x2 x3 x4 - 63.867 x1 x2 x3 + 6.937 x1 x2 x4^2 - 11.235 x1 x2 x4 + 269.695 x1 x2 - 1.642 x1 x3^3 x4 - 2.863 x1 x3^3 - 4.124 x1 x3^2 x4 + 56.067 x1 x3^2 - 2.518 x1 x3 x4^2 - 3.493 x1 x3 x4 + 38.014 x1 x3 + 1.485 x1 x4^3 - 15.257 x1 x4^2 + 32.026 x1 x4 - 160.077 x1 + 5.166 x2^4 x3 + 8.281 x2^4 x4 - 16.756 x2^4 + 17.357 x2^3 x3^2 - 2.872 x2^3 x3 x4 - 55.643 x2^3 x3 + 2.004 x2^3 x4^2 - 82.544 x2^3 x4 + 158.850 x2^3 - 6.612 x2^2 x3^3 + 4.546 x2^2 x3^2 x4 - 124.133 x2^2 x3^2 - 2.011 x2^2 x3 x4^2 + 23.491 x2^2 x3 x4 + 221.967 x2^2 x3 - 11.343 x2^2 x4^2 + 294.434 x2^2 x4 - 552.726 x2^2 + 11.709 x2 x3^4 - 4.109 x2 x3^3 x4 + 6.167 x2 x3^3 + 2.393 x2 x3^2 x4^2 - 23.413 x2 x3^2 x4 + 318.692 x2 x3^2 + 1.180 x2 x3 x4^3 - 1.023 x2 x3 x4^2 - 40.216 x2 x3 x4 - 410.743 x2 x3 - 2.354 x2 x4^3 + 28.279 x2 x4^2 - 457.795 x2 x4 + 843.951 x2 - 8.690 x3^4 x4 - 11.817 x3^4 + 1.071 x3^3 x4^2 + 32.916 x3^3 x4 - 24.318 x3^3 - 7.305 x3^2 x4^2 + 8.733 x3^2 x4 - 240.416 x3^2 + 8.748 x3 x4^2 + 15.882 x3 x4 + 281.797 x3 + 3.148 x4^3 - 23.752 x4^2 + 261.774 x4 - 477.241,SSA omega=1000 R=1 seed=0,1000.0,1,0,280,0.01,10,5
dx2/dt,False,90,0,143.20694568939757,1.029 x1^5 - 7.715 x1^4 - 2.361 x1^3 x2^2 + 6.738 x1^3 x2 - 1.748 x1^3 x3^2 + 6.533 x1^3 x3 - 1.341 x1^3 x4 + 6.259 x1^3 + 5.913 x1^2 x2^2 + 3.728 x1^2 x2 x3^2 - 1.139 x1^2 x2 x3 x4 - 21.738 x1^2 x2 + 1.047 x1^2 x3^3 + 1.706 x1^2 x3^2 x4 - 7.209 x1^2 x3^2 + 4.377 x1^2 x3 x4 - 12.464 x1^2 x3 + 3.416 x1^2 x4^2 - 5.174 x1^2 x4 + 16.410 x1^2 - 4.593 x1 x2^4 - 7.626 x1 x2^3 x3 + 1.226 x1 x2^3 x4 + 41.607 x1 x2^3 - 2.093 x1 x2^2 x3 x4 + 56.983 x1 x2^2 x3 - 5.335 x1 x2^2 x4 - 147.750 x1 x2^2 + 7.167 x1 x2 x3^3 - 30.064 x1 x2 x3^2 + 1.676 x1 x2 x3 x4^2 + 5.100 x1 x2 x3 x4 - 117.283 x1 x2 x3 + 7.200 x1 x2 x4^2 - 1.257 x1 x2 x4 + 234.118 x1 x2 - 13.217 x1 x3^3 + 56.043 x1 x3^2 - 5.718 x1 x3 x4^2 + 76.070 x1 x3 + 2.107 x1 x4^3 - 15.320 x1 x4^2 + 19.329 x1 x4 - 143.133 x1 - 4.084 x2^5 + 6.578 x2^4 x3 + 7.918 x2^4 x4 + 28.444 x2^4 + 21.247 x2^3 x3^2 - 76.626 x2^3 x3 + 2.104 x2^3 x4^2 - 80.043 x2^3 x4 - 36.965 x2^3 - 6.603 x2^2 x3^3 + 2.087 x2^2 x3^2 x4 - 140.592 x2^2 x3^2 - 1.022 x2^2 x3 x4^2 + 3.504 x2^2 x3 x4 + 309.614 x2^2 x3 - 13.406 x2^2 x4^2 + 291.732 x2^2 x4 - 136.458 x2^2 + 14.301 x2 x3^4 - 6.903 x2 x3^3 x4 - 1.837 x2 x3^3 + 3.493 x2 x3^2 x4^2 - 9.115 x2 x3^2 x4 + 340.476 x2 x3^2 + 1.329 x2 x3 x4^3 - 9.031 x2 x3 x4^2 + 11.520 x2 x3 x4 - 554.692 x2 x3 - 4.160 x2 x4^3 + 39.739 x2 x4^2 - 472.246 x2 x4 + 410.457 x2 + 3.775 x3^5 - 6.418 x3^4 x4 - 37.149 x3^4 + 1.910 x3^3 x4^2 + 28.802 x3^3 x4 + 29.775 x3^3 - 11.495 x3^2 x4^2 + 2.655 x3^2 x4 - 279.810 x3^2 + 19.656 x3 x4^2 - 35.881 x3 x4 + 376.458 x3 + 4.046 x4^3 - 35.837 x4^2 + 286.173 x4 - 302.262,SSA omega=1000 R=1 seed=0,1000.0,1,0,280,0.01,10,5
dx3/dt,False,90,0,143.20694568939757,-1.029 x1^5 + 7.715 x1^4 + 2.361 x1^3 x2^2 - 6.738 x1^3 x2 + 1.748 x1^3 x3^2 - 6.533 x1^3 x3 + 1.341 x1^3 x4 - 6.259 x1^3 - 5.913 x1^2 x2^2 - 3.728 x1^2 x2 x3^2 + 1.139 x1^2 x2 x3 x4 + 21.738 x1^2 x2 - 1.047 x1^2 x3^3 - 1.706 x1^2 x3^2 x4 + 7.209 x1^2 x3^2 - 4.377 x1^2 x3 x4 + 12.464 x1^2 x3 - 3.416 x1^2 x4^2 + 5.174 x1^2 x4 - 16.410 x1^2 + 4.593 x1 x2^4 + 7.626 x1 x2^3 x3 - 1.226 x1 x2^3 x4 - 41.607 x1 x2^3 + 2.093 x1 x2^2 x3 x4 - 56.983 x1 x2^2 x3 + 5.335 x1 x2^2 x4 + 147.750 x1 x2^2 - 7.167 x1 x2 x3^3 + 30.064 x1 x2 x3^2 - 1.676 x1 x2 x3 x4^2 - 5.100 x1 x2 x3 x4 + 117.283 x1 x2 x3 - 7.200 x1 x2 x4^2 + 1.257 x1 x2 x4 - 234.118 x1 x2 + 13.217 x1 x3^3 - 56.043 x1 x3^2 + 5.718 x1 x3 x4^2 - 76.070 x1 x3 - 2.107 x1 x4^3 + 15.320 x1 x4^2 - 19.329 x1 x4 + 143.133 x1 + 4.084 x2^5 - 6.578 x2^4 x3 - 7.918 x2^4 x4 - 28.444 x2^4 - 21.247 x2^3 x3^2 + 76.626 x2^3 x3 - 2.104 x2^3 x4^2 + 80.043 x2^3 x4 + 36.965 x2^3 + 6.603 x2^2 x3^3 - 2.087 x2^2 x3^2 x4 + 140.592 x2^2 x3^2 + 1.022 x2^2 x3 x4^2 - 3.504 x2^2 x3 x4 - 309.614 x2^2 x3 + 13.406 x2^2 x4^2 - 291.732 x2^2 x4 + 136.458 x2^2 - 14.301 x2 x3^4 + 6.903 x2 x3^3 x4 + 1.837 x2 x3^3 - 3.493 x2 x3^2 x4^2 + 9.115 x2 x3^2 x4 - 340.476 x2 x3^2 - 1.329 x2 x3 x4^3 + 9.031 x2 x3 x4^2 - 11.520 x2 x3 x4 + 554.692 x2 x3 + 4.160 x2 x4^3 - 39.739 x2 x4^2 + 472.246 x2 x4 - 410.457 x2 - 3.775 x3^5 + 6.418 x3^4 x4 + 37.149 x3^4 - 1.910 x3^3 x4^2 - 28.802 x3^3 x4 - 29.775 x3^3 + 11.495 x3^2 x4^2 - 2.655 x3^2 x4 + 279.810 x3^2 - 19.656 x3 x4^2 + 35.881 x3 x4 - 376.458 x3 - 4.046 x4^3 + 35.837 x4^2 - 286.173 x4 + 302.262,SSA omega=1000 R=1 seed=0,1000.0,1,0,280,0.01,10,5
dx4/dt,False,55,0,17.43543364473597,3.885 x1^3 x2 - 4.262 x1^3 + 3.157 x1^2 x2^2 - 14.206 x1^2 x2 - 1.628 x1^2 x3 x4 + 1.369 x1^2 x3 - 1.296 x1^2 x4^2 + 4.233 x1^2 x4 + 14.193 x1^2 - 2.181 x1 x2^3 x3 + 1.510 x1 x2^3 - 3.075 x1 x2^2 x3^2 + 19.360 x1 x2^2 x3 - 14.592 x1 x2^2 + 4.454 x1 x2 x3^3 + 4.946 x1 x2 x3^2 - 2.310 x1 x2 x3 x4 - 47.409 x1 x2 x3 + 1.923 x1 x2 x4 + 40.985 x1 x2 - 10.280 x1 x3^3 + 4.487 x1 x3^2 - 2.430 x1 x3 x4^2 + 8.635 x1 x3 x4 + 30.352 x1 x3 + 1.606 x1 x4^2 - 8.746 x1 x4 - 32.380 x1 + 1.297 x2^3 x3 x4 - 1.966 x2^3 - 2.197 x2^2 x3^2 x4 + 7.688 x2^2 x3^2 - 9.787 x2^2 x3 x4 - 10.794 x2^2 x3 + 1.650 x2^2 x4 + 14.639 x2^2 - 1.460 x2 x3^3 x4 - 3.013 x2 x3^3 + 10.415 x2 x3^2 x4 - 27.624 x2 x3^2 - 6.122 x2 x3 x4^2 + 29.107 x2 x3 x4 + 35.005 x2 x3 + 2.979 x2 x4^2 - 10.144 x2 x4 - 33.909 x2 + 8.669 x3^3 - 3.562 x3^2 x4^2 - 6.572 x3^2 x4 + 19.224 x3^2 + 9.735 x3 x4^2 - 33.943 x3 x4 - 24.806 x3 - 3.408 x4^2 + 14.727 x4 + 23.621,SSA omega=1000 R=1 seed=0,1000.0,1,0,280,0.01,10,5
dx1/dt,False,90,0,352.1428208201663,2.000 x1^4 x2 - 4.112 x1^4 + 1.839 x1^3 x2^2 - 16.235 x1^3 x2 - 1.027 x1^3 x3^2 + 3.070 x1^3 x3 + 24.687 x1^3 + 5.873 x1^2 x2^3 + 3.079 x1^2 x2^2 x3 - 51.327 x1^2 x2^2 - 10.607 x1^2 x2 x3 - 2.616 x1^2 x2 x4 + 149.286 x1^2 x2 + 4.434 x1^2 x3^3 + 1.894 x1^2 x3^2 x4 - 8.196 x1^2 x3^2 - 1.804 x1^2 x3 x4 + 13.430 x1^2 x3 + 2.471 x1^2 x4 - 139.660 x1^2 + 4.767 x1 x2^4 + 5.394 x1 x2^3 x3 + 1.625 x1 x2^3 x4 - 65.265 x1 x2^3 - 9.355 x1 x2^2 x3^2 - 1.055 x1 x2^2 x3 x4 - 26.488 x1 x2^2 x3 - 11.475 x1 x2^2 x4 + 306.174 x1 x2^2 + 6.668 x1 x2 x3^3 - 2.397 x1 x2 x3^2 x4 + 34.358 x1 x2 x3^2 + 9.200 x1 x2 x3 x4 + 31.861 x1 x2 x3 + 4.400 x1 x2 x4^2 + 22.348 x1 x2 x4 - 601.663 x1 x2 - 8.790 x1 x3^4 - 1.836 x1 x3^3 x4 + 4.474 x1 x3^3 - 1.626 x1 x3^2 x4^2 + 10.299 x1 x3^2 x4 - 41.273 x1 x3^2 + 1.866 x1 x3 x4^2 - 16.696 x1 x3 x4 - 2.450 x1 x3 + 1.754 x1 x4^3 - 9.834 x1 x4^2 - 9.001 x1 x4 + 419.302 x1 - 7.129 x2^5 + 13.638 x2^4 x3 + 66.864 x2^4 - 132.638 x2^3 x3 - 2.031 x2^3 x4 - 219.426 x2^3 + 6.199 x2^2 x3^3 + 5.253 x2^2 x3^2 x4 - 10.371 x2^2 x3^2 - 1.166 x2^2 x3 x4^2 - 1.871 x2^2 x3 x4 + 477.991 x2^2 x3 + 4.910 x2^2 x4^2 + 6.696 x2^2 x4 + 266.028 x2^2 - 9.402 x2 x3^4 - 3.705 x2 x3^3 x4 - 12.707 x2 x3^2 x4 + 14.378 x2 x3^2 + 6.551 x2 x3 x4^2 - 2.005 x2 x3 x4 - 736.356 x2 x3 + 2.679 x2 x4^3 - 21.976 x2 x4^2 + 2.807 x2 x4 - 4.756 x2 - 18.101 x3^5 - 5.244 x3^4 x4 + 99.616 x3^4 + 1.962 x3^3 x4^2 + 15.871 x3^3 x4 - 144.387 x3^3 - 3.164 x3^2 x4^2 + 2.148 x3^2 x4 + 86.816 x3^2 - 6.292 x3 x4^2 + 11.137 x3 x4 + 388.895 x3 - 1.822 x4^3 + 23.911 x4^2 - 16.678 x4 - 139.777,SSA omega=1000 R=1 seed=1,1000.0,1,1,280,0.01,10,5
dx2/dt,False,86,0,282.35090559927704,2.414 x1^4 x2 - 6.508 x1^4 + 2.649 x1^3 x2^2 - 21.166 x1^3 x2 + 2.651 x1^3 x3 + 34.813 x1^3 + 6.443 x1^2 x2^3 + 4.236 x1^2 x2^2 x3 - 56.210 x1^2 x2^2 - 1.855 x1^2 x2 x3^2 + 1.122 x1^2 x2 x3 x4 - 18.990 x1^2 x2 x3 + 2.561 x1^2 x2 x4 + 164.894 x1^2 x2 + 6.975 x1^2 x3^3 + 1.509 x1^2 x3^2 x4 - 10.933 x1^2 x3^2 - 5.835 x1^2 x3 x4 + 29.109 x1^2 x3 - 159.837 x1^2 + 4.181 x1 x2^4 + 9.954 x1 x2^3 x3 - 62.078 x1 x2^3 - 12.293 x1 x2^2 x3^2 - 58.853 x1 x2^2 x3 + 301.071 x1 x2^2 + 7.994 x1 x2 x3^3 - 4.339 x1 x2 x3^2 x4 + 55.043 x1 x2 x3^2 - 1.291 x1 x2 x3 x4 + 107.199 x1 x2 x3 + 6.004 x1 x2 x4^2 - 8.256 x1 x2 x4 - 601.996 x1 x2 - 10.990 x1 x3^4 - 3.683 x1 x3^3 - 1.652 x1 x3^2 x4^2 + 10.884 x1 x3^2 x4 - 57.203 x1 x3^2 + 2.797 x1 x3 x4^2 - 2.034 x1 x3 x4 - 67.626 x1 x3 + 1.106 x1 x4^3 - 10.088 x1 x4^2 + 14.232 x1 x4 + 426.607 x1 + 12.756 x2^4 x3 - 15.441 x2^4 - 128.455 x2^3 x3 - 1.539 x2^3 x4^2 + 3.850 x2^3 x4 + 156.252 x2^3 + 2.370 x2^2 x3^3 + 1.679 x2^2 x3^2 x4 + 5.151 x2^2 x3^2 - 1.844 x2^2 x3 x4^2 + 9.413 x2^2 x3 x4 + 465.791 x2^2 x3 + 14.971 x2^2 x4^2 - 34.661 x2^2 x4 - 577.760 x2^2 - 11.288 x2 x3^4 + 2.086 x2 x3^3 x4 + 8.661 x2 x3^3 - 8.281 x2 x3^2 x4 - 40.776 x2 x3^2 + 9.482 x2 x3 x4^2 - 29.011 x2 x3 x4 - 713.927 x2 x3 + 1.098 x2 x4^3 - 42.729 x2 x4^2 + 96.852 x2 x4 + 925.690 x2 - 17.573 x3^5 - 7.006 x3^4 x4 + 108.693 x3^4 + 1.334 x3^3 x4^2 + 6.693 x3^3 x4 - 153.915 x3^3 - 2.750 x3^2 x4^2 + 8.053 x3^2 x4 + 131.945 x3^2 - 10.452 x3 x4^2 + 27.193 x3 x4 + 378.463 x3 + 36.112 x4^2 - 84.753 x4 - 542.976,SSA omega=1000 R=1 seed=1,1000.0,1,1,280,0.01,10,5
dx3/dt,False,86,0,282.35090559927704,-2.414 x1^4 x2 + 6.508 x1^4 - 2.649 x1^3 x2^2 + 21.166 x1^3 x2 - 2.651 x1^3 x3 - 34.813 x1^3 - 6.443 x1^2 x2^3 - 4.236 x1^2 x2^2 x3 + 56.210 x1^2 x2^2 + 1.855 x1^2 x2 x3^2 - 1.122 x1^2 x2 x3 x4 + 18.990 x1^2 x2 x3 - 2.561 x1^2 x2 x4 - 164.894 x1^2 x2 - 6.975 x1^2 x3^3 - 1.509 x1^2 x3^2 x4 + 10.933 x1^2 x3^2 + 5.835 x1^2 x3 x4 - 29.109 x1^2 x3 + 159.837 x1^2 - 4.181 x1 x2^4 - 9.954 x1 x2^3 x3 + 62.078 x1 x2^3 + 12.293 x1 x2^2 x3^2 + 58.853 x1 x2^2 x3 - 301.071 x1 x2^2 - 7.994 x1 x2 x3^3 + 4.339 x1 x2 x3^2 x4 - 55.043 x1 x2 x3^2 + 1.291 x1 x2 x3 x4 - 107.199 x1 x2 x3 - 6.004 x1 x2 x4^2 + 8.256 x1 x2 x4 + 601.996 x1 x2 + 10.990 x1 x3^4 + 3.683 x1 x3^3 + 1.652 x1 x3^2 x4^2 - 10.884 x1 x3^2 x4 + 57.203 x1 x3^2 - 2.797 x1 x3 x4^2 + 2.034 x1 x3 x4 + 67.626 x1 x3 - 1.106 x1 x4^3 + 10.088 x1 x4^2 - 14.232 x1 x4 - 426.607 x1 - 12.756 x2^4 x3 + 15.441 x2^4 + 128.455 x2^3 x3 + 1.539 x2^3 x4^2 - 3.850 x2^3 x4 - 156.252 x2^3 - 2.370 x2^2 x3^3 - 1.679 x2^2 x3^2 x4 - 5.151 x2^2 x3^2 + 1.844 x2^2 x3 x4^2 - 9.413 x2^2 x3 x4 - 465.791 x2^2 x3 - 14.971 x2^2 x4^2 + 34.661 x2^2 x4 + 577.760 x2^2 + 11.288 x2 x3^4 - 2.086 x2 x3^3 x4 - 8.661 x2 x3^3 + 8.281 x2 x3^2 x4 + 40.776 x2 x3^2 - 9.482 x2 x3 x4^2 + 29.011 x2 x3 x4 + 713.927 x2 x3 - 1.098 x2 x4^3 + 42.729 x2 x4^2 - 96.852 x2 x4 - 925.690 x2 + 17.573 x3^5 + 7.006 x3^4 x4 - 108.693 x3^4 - 1.334 x3^3 x4^2 - 6.693 x3^3 x4 + 153.915 x3^3 + 2.750 x3^2 x4^2 - 8.053 x3^2 x4 - 131.945 x3^2 + 10.452 x3 x4^2 - 27.193 x3 x4 - 378.463 x3 - 36.112 x4^2 + 84.753 x4 + 542.976,SSA omega=1000 R=1 seed=1,1000.0,1,1,280,0.01,10,5
dx4/dt,False,48,0,18.161200556549392,-1.380 x1^3 x4 + 1.347 x1^3 - 1.239 x1^2 x2 x3^2 - 1.296 x1^2 x2 + 3.559 x1^2 x3^2 - 3.097 x1^2 x3 + 2.967 x1^2 x4 + 2.090 x1 x2^3 x3 - 1.446 x1 x2^3 - 14.925 x1 x2^2 x3 + 10.330 x1 x2^2 + 4.155 x1 x2 x3^2 - 4.380 x1 x2 x3 x4 + 32.074 x1 x2 x3 + 2.695 x1 x2 x4 - 23.245 x1 x2 - 11.340 x1 x3^2 + 5.764 x1 x3 x4 - 17.607 x1 x3 - 4.445 x1 x4 + 17.873 x1 - 2.612 x2^3 x3 + 3.550 x2^3 - 1.785 x2^2 x3^2 x4 + 3.123 x2^2 x3^2 + 1.588 x2^2 x3 x4 + 14.333 x2^2 x3 + 6.933 x2^2 x4 - 23.976 x2^2 + 2.397 x2 x3^3 x4 - 4.195 x2 x3^3 + 1.004 x2 x3^2 x4^2 - 5.445 x2 x3^2 - 2.464 x2 x3 x4^2 + 3.365 x2 x3 x4 - 31.299 x2 x3 - 18.313 x2 x4 + 54.457 x2 - 5.532 x3^3 x4 + 9.681 x3^3 - 2.318 x3^2 x4^2 + 11.465 x3^2 x4 - 3.839 x3^2 + 5.469 x3 x4^2 - 15.887 x3 x4 + 28.920 x3 - 1.799 x4^2 + 17.314 x4 - 41.620,SSA omega=1000 R=1 seed=1,1000.0,1,1,280,0.01,10,5
dx1/dt,False,85,0,423.9232501543715,1.477 x1^5 - 2.029 x1^4 x2 - 2.691 x1^4 - 1.107 x1^3 x2^2 - 2.251 x1^3 x2 x3 + 15.161 x1^3 x2 + 1.015 x1^3 x3 x4 + 3.887 x1^3 x3 - 15.893 x1^3 - 5.375 x1^2 x2^3 - 5.153 x1^2 x2^2 x3 + 44.293 x1^2 x2^2 + 1.150 x1^2 x2 x3 x4 + 31.693 x1^2 x2 x3 - 3.028 x1^2 x2 x4 - 132.936 x1^2 x2 - 1.407 x1^2 x3^2 - 6.981 x1^2 x3 x4 - 36.185 x1^2 x3 - 2.259 x1^2 x4^2 + 9.542 x1^2 x4 + 123.699 x1^2 - 3.566 x1 x2^4 - 1.656 x1 x2^3 x3 - 1.974 x1 x2^3 x4 + 48.339 x1 x2^3 - 2.826 x1 x2^2 x3 x4 + 27.303 x1 x2^2 x3 + 15.621 x1 x2^2 x4 - 232.118 x1 x2^2 + 3.421 x1 x2 x3^3 - 7.475 x1 x2 x3^2 + 8.392 x1 x2 x3 x4 - 98.907 x1 x2 x3 + 1.885 x1 x2 x4^2 - 38.445 x1 x2 x4 + 476.389 x1 x2 + 1.638 x1 x3^3 x4 - 10.762 x1 x3^3 - 7.276 x1 x3^2 x4 + 32.427 x1 x3^2 - 3.263 x1 x3 x4^2 + 7.718 x1 x3 x4 + 80.062 x1 x3 + 20.752 x1 x4 - 349.770 x1 - 14.444 x2^5 - 15.635 x2^4 x3 - 2.547 x2^4 x4 + 180.495 x2^4 - 3.144 x2^3 x3 x4 + 151.909 x2^3 x3 - 1.163 x2^3 x4^2 + 31.215 x2^3 x4 - 901.735 x2^3 + 5.638 x2^2 x3^3 - 16.781 x2^2 x3^2 + 2.272 x2^2 x3 x4^2 + 17.352 x2^2 x3 x4 - 535.620 x2^2 x3 + 6.483 x2^2 x4^2 - 130.249 x2^2 x4 + 2243.606 x2^2 - 4.156 x2 x3^3 x4 - 17.730 x2 x3^3 - 1.612 x2 x3^2 x4^2 + 13.678 x2 x3^2 x4 + 60.022 x2 x3^2 - 8.414 x2 x3 x4^2 - 39.819 x2 x3 x4 + 822.695 x2 x3 - 1.534 x2 x4^3 - 9.648 x2 x4^2 + 227.489 x2 x4 - 2774.321 x2 + 6.030 x3^4 + 1.408 x3^3 x4^2 + 4.975 x3^3 x4 - 4.379 x3^3 - 20.136 x3^2 x4 - 40.220 x3^2 + 9.887 x3 x4^2 + 29.109 x3 x4 - 465.740 x3 + 3.909 x4^3 - 137.760 x4 + 1359.711,SSA omega=1000 R=1 seed=2,1000.0,1,2,280,0.01,10,5
dx2/dt,False,87,0,114.54398087133336,1.363 x1^5 - 2.023 x1^4 x2 - 1.109 x1^4 - 1.035 x1^3 x2^2 - 3.405 x1^3 x2 x3 + 1.007 x1^3 x2 x4 + 14.462 x1^3 x2 + 1.153 x1^3 x3 x4 + 8.320 x1^3 x3 - 20.570 x1^3 - 5.206 x1^2 x2^3 - 5.760 x1^2 x2^2 x3 + 42.475 x1^2 x2^2 + 1.203 x1^2 x2 x3 x4 + 39.394 x1^2 x2 x3 - 4.088 x1^2 x2 x4 - 127.222 x1^2 x2 - 6.724 x1^2 x3 x4 - 54.368 x1^2 x3 - 1.390 x1^2 x4^2 + 8.543 x1^2 x4 + 126.727 x1^2 + 11.407 x1 x2^3 - 3.147 x1 x2^2 x3 x4 + 17.697 x1 x2^2 x3 + 7.004 x1 x2^2 x4 - 91.154 x1 x2^2 + 4.802 x1 x2 x3^3 + 2.276 x1 x2 x3^2 x4 - 15.067 x1 x2 x3^2 + 6.415 x1 x2 x3 x4 - 79.110 x1 x2 x3 + 3.478 x1 x2 x4^2 - 20.561 x1 x2 x4 + 241.231 x1 x2 + 1.229 x1 x3^3 x4 - 13.233 x1 x3^3 - 10.768 x1 x3^2 x4 + 47.063 x1 x3^2 - 2.992 x1 x3 x4^2 + 12.026 x1 x3 x4 + 69.157 x1 x3 - 3.575 x1 x4^2 + 12.058 x1 x4 - 210.154 x1 - 9.370 x2^5 - 13.042 x2^4 x3 + 110.724 x2^4 + 7.649 x2^3 x3^2 - 5.089 x2^3 x3 x4 + 118.720 x2^3 x3 - 1.858 x2^3 x4^2 + 9.609 x2^3 x4 - 526.777 x2^3 + 4.593 x2^2 x3^3 + 1.063 x2^2 x3^2 x4 - 68.230 x2^2 x3^2 + 1.591 x2^2 x3 x4^2 + 32.131 x2^2 x3 x4 - 392.391 x2^2 x3 + 11.641 x2^2 x4^2 - 63.678 x2^2 x4 + 1257.690 x2^2 + 3.737 x2 x3^4 - 6.024 x2 x3^3 x4 - 21.093 x2 x3^3 - 1.321 x2 x3^2 x4^2 + 8.318 x2 x3^2 x4 + 185.066 x2 x3^2 - 5.425 x2 x3 x4^2 - 73.584 x2 x3 x4 + 559.446 x2 x3 - 2.512 x2 x4^3 - 19.949 x2 x4^2 + 137.913 x2 x4 - 1503.541 x2 - 7.551 x3^5 + 22.784 x3^4 + 12.263 x3^3 x4 - 25.050 x3^3 - 18.161 x3^2 x4 - 126.044 x3^2 + 6.717 x3 x4^2 + 55.376 x3 x4 - 292.622 x3 + 5.502 x4^3 + 5.855 x4^2 - 94.312 x4 + 717.748,SSA omega=1000 R=1 seed=2,1000.0,1,2,280,0.01,10,5
dx3/dt,False,87,0,114.54398087133336,-1.363 x1^5 + 2.023 x1^4 x2 + 1.109 x1^4 + 1.035 x1^3 x2^2 + 3.405 x1^3 x2 x3 - 1.007 x1^3 x2 x4 - 14.462 x1^3 x2 - 1.153 x1^3 x3 x4 - 8.320 x1^3 x3 + 20.570 x1^3 + 5.206 x1^2 x2^3 + 5.760 x1^2 x2^2 x3 - 42.475 x1^2 x2^2 - 1.203 x1^2 x2 x3 x4 - 39.394 x1^2 x2 x3 + 4.088 x1^2 x2 x4 + 127.222 x1^2 x2 + 6.724 x1^2 x3 x4 + 54.368 x1^2 x3 + 1.390 x1^2 x4^2 - 8.543 x1^2 x4 - 126.727 x1^2 - 11.407 x1 x2^3 + 3.147 x1 x2^2 x3 x4 - 17.697 x1 x2^2 x3 - 7.004 x1 x2^2 x4 + 91.154 x1 x2^2 - 4.802 x1 x2 x3^3 - 2.276 x1 x2 x3^2 x4 + 15.067 x1 x2 x3^2 - 6.415 x1 x2 x3 x4 + 79.110 x1 x2 x3 - 3.478 x1 x2 x4^2 + 20.561 x1 x2 x4 - 241.231 x1 x2 - 1.229 x1 x3^3 x4 + 13.233 x1 x3^3 + 10.768 x1 x3^2 x4 - 47.063 x1 x3^2 + 2.992 x1 x3 x4^2 - 12.026 x1 x3 x4 - 69.157 x1 x3 + 3.575 x1 x4^2 - 12.058 x1 x4 + 210.154 x1 + 9.370 x2^5 + 13.042 x2^4 x3 - 110.724 x2^4 - 7.649 x2^3 x3^2 + 5.089 x2^3 x3 x4 - 118.720 x2^3 x3 + 1.858 x2^3 x4^2 - 9.609 x2^3 x4 + 526.777 x2^3 - 4.593 x2^2 x3^3 - 1.063 x2^2 x3^2 x4 + 68.230 x2^2 x3^2 - 1.591 x2^2 x3 x4^2 - 32.131 x2^2 x3 x4 + 392.391 x2^2 x3 - 11.641 x2^2 x4^2 + 63.678 x2^2 x4 - 1257.690 x2^2 - 3.737 x2 x3^4 + 6.024 x2 x3^3 x4 + 21.093 x2 x3^3 + 1.321 x2 x3^2 x4^2 - 8.318 x2 x3^2 x4 - 185.066 x2 x3^2 + 5.425 x2 x3 x4^2 + 73.584 x2 x3 x4 - 559.446 x2 x3 + 2.512 x2 x4^3 + 19.949 x2 x4^2 - 137.913 x2 x4 + 1503.541 x2 + 7.551 x3^5 - 22.784 x3^4 - 12.263 x3^3 x4 + 25.050 x3^3 + 18.161 x3^2 x4 + 126.044 x3^2 - 6.717 x3 x4^2 - 55.376 x3 x4 + 292.622 x3 - 5.502 x4^3 - 5.855 x4^2 + 94.312 x4 - 717.748,SSA omega=1000 R=1 seed=2,1000.0,1,2,280,0.01,10,5
dx4/dt,False,23,1,,-1.407 x1^2 x3 - 2.141 x1^2 x4 + 1.966 x1^2 + 1.182 x1 x2^3 x4 - 2.069 x1 x2^3 - 8.187 x1 x2^2 x4 + 14.327 x1 x2^2 - 1.122 x1 x2 x3 + 16.713 x1 x2 x4 - 30.619 x1 x2 - 1.391 x1 x3 x4 + 3.167 x1 x3 - 1.529 x1 x4^2 - 8.539 x1 x4 + 19.393 x1 - 1.478 x2^3 x4 + 2.587 x2^3 + 10.234 x2^2 x4 - 17.909 x2^2 - 22.426 x2 x4 + 39.816 x2 + 15.133 x4 - 28.314,SSA omega=1000 R=1 seed=2,1000.0,1,2,280,0.01,10,5
dx1/dt,False,52,0,22.16116377901275,1.255 x1^4 + 1.993 x1^3 x2 - 5.481 x1^3 + 1.003 x1^2 x2^2 - 1.265 x1^2 x2 x3 + 2.646 x1^2 x2 x4 - 6.488 x1^2 x2 + 2.307 x1^2 x3^2 + 1.105 x1^2 x3 x4 - 2.207 x1^2 x3 - 5.202 x1^2 x4 + 12.405 x1^2 + 1.433 x1 x2^2 x4 - 3.135 x1 x2^2 - 1.525 x1 x2 x3^3 - 1.076 x1 x2 x3^2 x4 + 5.050 x1 x2 x3^2 + 2.854 x1 x2 x3 x4 - 8.469 x1 x2 x3 - 7.332 x1 x2 x4 + 13.781 x1 x2 + 3.521 x1 x3^3 - 11.344 x1 x3^2 - 4.121 x1 x3 x4 + 16.086 x1 x3 + 9.940 x1 x4 - 21.284 x1 + 1.553 x2^4 x4 - 2.717 x2^4 + 1.160 x2^3 x3 x4 - 2.029 x2^3 x3 - 14.447 x2^3 x4 + 25.282 x2^3 - 11.642 x2^2 x3 x4 + 15.657 x2^2 x3 + 50.811 x2^2 x4 - 86.656 x2^2 + 1.907 x2 x3^3 - 4.960 x2 x3^2 - 6.286 x2 x3 x4^2 + 37.121 x2 x3 x4 - 35.573 x2 x3 + 1.182 x2 x4^2 - 80.235 x2 x4 + 128.992 x2 - 4.401 x3^3 + 1.831 x3^2 x4 + 10.250 x3^2 + 5.803 x3 x4^2 - 35.430 x3 x4 + 25.506 x3 - 1.948 x4^3 + 46.872 x4 - 69.871,SSA omega=10000 R=1 seed=0,10000.0,1,0,280,0.01,10,5
dx2/dt,False,66,1,29.0006213051173,1.059 x1^3 x2 - 1.728 x1^3 x3^2 + 1.993 x1^3 x3 - 3.662 x1^3 + 1.299 x1^2 x2^2 x3 - 8.032 x1^2 x2 x3 + 2.890 x1^2 x2 x4 + 5.578 x1^2 x3^2 + 2.549 x1^2 x3 - 5.255 x1^2 x4 + 4.715 x1^2 - 1.400 x1 x2^3 x3 + 3.353 x1 x2^3 - 2.221 x1 x2^2 x3^2 + 9.919 x1 x2^2 x3 + 7.640 x1 x2^2 x4 - 25.312 x1 x2^2 - 2.425 x1 x2 x3^3 - 1.578 x1 x2 x3^2 x4 + 18.047 x1 x2 x3^2 + 1.106 x1 x2 x3 x4 - 27.386 x1 x2 x3 - 22.004 x1 x2 x4 + 59.489 x1 x2 + 3.959 x1 x3^4 - 5.363 x1 x3^3 + 2.790 x1 x3^2 x4 - 23.238 x1 x3^2 - 2.988 x1 x3 x4 + 30.254 x1 x3 + 20.146 x1 x4 - 51.039 x1 + 1.244 x2^4 x4 - 2.177 x2^4 - 12.384 x2^3 x4 + 17.210 x2^3 + 1.860 x2^2 x3^2 + 1.166 x2^2 x3 x4^2 - 11.522 x2^2 x3 x4 - 1.201 x2^2 x3 - 3.716 x2^2 x4^2 + 47.440 x2^2 x4 - 49.165 x2^2 + 3.394 x2 x3^4 - 6.365 x2 x3^3 - 4.438 x2 x3^2 x4 - 8.818 x2 x3^2 - 7.056 x2 x3 x4^2 + 41.829 x2 x3 x4 + 2.121 x2 x3 + 1.008 x2 x4^3 + 7.937 x2 x4^2 - 81.558 x2 x4 + 59.427 x2 - 6.281 x3^5 + 1.267 x3^4 x4 + 9.178 x3^4 - 4.894 x3^3 x4 + 1.833 x3^3 + 8.730 x3^2 x4 + 11.212 x3^2 + 5.738 x3 x4^2 - 42.344 x3 x4 - 2.761 x4^3 - 3.185 x4^2 + 51.351 x4 - 24.787,SSA omega=10000 R=1 seed=0,10000.0,1,0,280,0.01,10,5
dx3/dt,False,66,1,29.0006213051173,-1.059 x1^3 x2 + 1.728 x1^3 x3^2 - 1.993 x1^3 x3 + 3.662 x1^3 - 1.299 x1^2 x2^2 x3 + 8.032 x1^2 x2 x3 - 2.890 x1^2 x2 x4 - 5.578 x1^2 x3^2 - 2.549 x1^2 x3 + 5.255 x1^2 x4 - 4.715 x1^2 + 1.400 x1 x2^3 x3 - 3.353 x1 x2^3 + 2.221 x1 x2^2 x3^2 - 9.919 x1 x2^2 x3 - 7.640 x1 x2^2 x4 + 25.312 x1 x2^2 + 2.425 x1 x2 x3^3 + 1.578 x1 x2 x3^2 x4 - 18.047 x1 x2 x3^2 - 1.106 x1 x2 x3 x4 + 27.386 x1 x2 x3 + 22.004 x1 x2 x4 - 59.489 x1 x2 - 3.959 x1 x3^4 + 5.363 x1 x3^3 - 2.790 x1 x3^2 x4 + 23.238 x1 x3^2 + 2.988 x1 x3 x4 - 30.254 x1 x3 - 20.146 x1 x4 + 51.039 x1 - 1.244 x2^4 x4 + 2.177 x2^4 + 12.384 x2^3 x4 - 17.210 x2^3 - 1.860 x2^2 x3^2 - 1.166 x2^2 x3 x4^2 + 11.522 x2^2 x3 x4 + 1.201 x2^2 x3 + 3.716 x2^2 x4^2 - 47.440 x2^2 x4 + 49.165 x2^2 - 3.394 x2 x3^4 + 6.365 x2 x3^3 + 4.438 x2 x3^2 x4 + 8.818 x2 x3^2 + 7.056 x2 x3 x4^2 - 41.829 x2 x3 x4 - 2.121 x2 x3 - 1.008 x2 x4^3 - 7.937 x2 x4^2 + 81.558 x2 x4 - 59.427 x2 + 6.281 x3^5 - 1.267 x3^4 x4 - 9.178 x3^4 + 4.894 x3^3 x4 - 1.833 x3^3 - 8.730 x3^2 x4 - 11.212 x3^2 - 5.738 x3 x4^2 + 42.344 x3 x4 + 2.761 x4^3 + 3.185 x4^2 - 51.351 x4 + 24.787,SSA omega=10000 R=1 seed=0,10000.0,1,0,280,0.01,10,5
dx4/dt,True,0,0,0.0137149672033392,1.530 x3,SSA omega=10000 R=1 seed=0,10000.0,1,0,280,0.01,10,5
dx1/dt,False,43,0,15.4963858922669,-1.165 x1^3 x3 + 1.347 x1^3 + 4.303 x1^2 x2 x3 - 1.553 x1^2 x2 - 3.965 x1^2 x3^2 + 1.525 x1^2 x4 + 2.090 x1 x2^2 x3 - 3.342 x1 x2^2 x4 + 4.401 x1 x2^2 - 1.511 x1 x2 x3^2 - 8.665 x1 x2 x3 + 8.080 x1 x2 x4 - 9.617 x1 x2 - 3.147 x1 x3^2 x4 + 8.664 x1 x3^2 + 2.543 x1 x3 x4 + 1.981 x1 x3 - 6.908 x1 x4 + 5.703 x1 - 1.004 x2^3 x3 x4 + 1.757 x2^3 x3 - 1.848 x2^3 x4 + 6.951 x2^2 x3 x4 - 13.036 x2^2 x3 - 3.836 x2^2 x4^2 + 13.036 x2^2 x4 - 6.546 x2^2 - 1.079 x2 x3^2 x4 + 1.889 x2 x3^2 - 14.710 x2 x3 x4 + 29.763 x2 x3 + 8.694 x2 x4^2 - 30.332 x2 x4 + 14.837 x2 + 1.416 x3^4 x4 - 2.479 x3^4 - 3.921 x3^3 x4 + 6.863 x3^3 + 6.462 x3^2 x4 - 11.966 x3^2 + 7.674 x3 x4 - 15.964 x3 - 6.443 x4^2 + 23.370 x4 - 11.758,SSA omega=10000 R=1 seed=1,10000.0,1,1,280,0.01,10,5
dx2/dt,False,63,0,21.804307715479915,1.307 x1^4 + 1.141 x1^3 x2 - 5.839 x1^3 x3 - 1.204 x1^3 x4 - 1.036 x1^3 - 1.002 x1^2 x2^3 - 1.849 x1^2 x2^2 x3 + 10.122 x1^2 x2^2 + 8.277 x1^2 x2 x3 - 27.483 x1^2 x2 - 4.426 x1^2 x3^2 + 2.133 x1^2 x3 x4 + 2.280 x1^2 x4 + 20.307 x1^2 + 1.958 x1 x2^3 + 2.080 x1 x2^2 x3^2 - 2.112 x1 x2^2 x4 - 17.253 x1 x2^2 + 2.268 x1 x2 x3^3 - 16.075 x1 x2 x3^2 + 2.902 x1 x2 x3 + 3.800 x1 x2 x4 + 44.200 x1 x2 - 2.069 x1 x3^4 - 2.481 x1 x3^2 x4 + 26.269 x1 x3^2 - 12.979 x1 x3 - 1.163 x1 x4^2 - 1.903 x1 x4 - 37.116 x1 + 2.917 x2^4 x3 - 1.440 x2^4 x4 - 2.202 x2^3 x3 x4 - 23.079 x2^3 x3 + 13.765 x2^3 x4 - 8.413 x2^3 + 15.266 x2^2 x3 x4 + 65.945 x2^2 x3 - 1.180 x2^2 x4^2 - 51.344 x2^2 x4 + 43.002 x2^2 + 1.732 x2 x3^3 x4 - 5.867 x2 x3^3 - 1.081 x2 x3^2 x4 + 13.801 x2 x3^2 - 1.725 x2 x3 x4^2 - 30.905 x2 x3 x4 - 88.592 x2 x3 + 2.145 x2 x4^3 - 2.879 x2 x4^2 + 88.340 x2 x4 - 86.978 x2 + 1.078 x3^4 x4 - 1.161 x3^4 - 5.436 x3^3 x4 + 15.320 x3^3 + 7.285 x3^2 x4 - 33.307 x3^2 + 2.899 x3 x4^2 + 16.930 x3 x4 + 57.154 x3 - 2.539 x4^3 + 6.601 x4^2 - 58.227 x4 + 60.712,SSA omega=10000 R=1 seed=1,10000.0,1,1,280,0.01,10,5
dx3/dt,False,63,0,21.804307715479915,-1.307 x1^4 - 1.141 x1^3 x2 + 5.839 x1^3 x3 + 1.204 x1^3 x4 + 1.036 x1^3 + 1.002 x1^2 x2^3 + 1.849 x1^2 x2^2 x3 - 10.122 x1^2 x2^2 - 8.277 x1^2 x2 x3 + 27.483 x1^2 x2 + 4.426 x1^2 x3^2 - 2.133 x1^2 x3 x4 - 2.280 x1^2 x4 - 20.307 x1^2 - 1.958 x1 x2^3 - 2.080 x1 x2^2 x3^2 + 2.112 x1 x2^2 x4 + 17.253 x1 x2^2 - 2.268 x1 x2 x3^3 + 16.075 x1 x2 x3^2 - 2.902 x1 x2 x3 - 3.800 x1 x2 x4 - 44.200 x1 x2 + 2.069 x1 x3^4 + 2.481 x1 x3^2 x4 - 26.269 x1 x3^2 + 12.979 x1 x3 + 1.163 x1 x4^2 + 1.903 x1 x4 + 37.116 x1 - 2.917 x2^4 x3 + 1.440 x2^4 x4 + 2.202 x2^3 x3 x4 + 23.079 x2^3 x3 - 13.765 x2^3 x4 + 8.413 x2^3 - 15.266 x2^2 x3 x4 - 65.945 x2^2 x3 + 1.180 x2^2 x4^2 + 51.344 x2^2 x4 - 43.002 x2^2 - 1.732 x2 x3^3 x4 + 5.867 x2 x3^3 + 1.081 x2 x3^2 x4 - 13.801 x2 x3^2 + 1.725 x2 x3 x4^2 + 30.905 x2 x3 x4 + 88.592 x2 x3 - 2.145 x2 x4^3 + 2.879 x2 x4^2 - 88.340 x2 x4 + 86.978 x2 - 1.078 x3^4 x4 + 1.161 x3^4 + 5.436 x3^3 x4 - 15.320 x3^3 - 7.285 x3^2 x4 + 33.307 x3^2 - 2.899 x3 x4^2 - 16.930 x3 x4 - 57.154 x3 + 2.539 x4^3 - 6.601 x4^2 + 58.227 x4 - 60.712,SSA omega=10000 R=1 seed=1,10000.0,1,1,280,0.01,10,5
dx4/dt,True,0,0,0.0183528788179949,1.537 x3,SSA omega=10000 R=1 seed=1,10000.0,1,1,280,0.01,10,5
dx1/dt,False,44,0,30.5530492898914,-1.006 x1^3 x3 + 1.160 x1^2 x2 x3 - 1.303 x1^2 x3^3 + 4.057 x1^2 x3^2 - 1.203 x1^2 x3 x4 - 1.578 x1^2 x3 + 1.212 x1^2 x4 - 2.070 x1 x2^3 x3 + 1.433 x1 x2^3 - 2.667 x1 x2^2 x3^2 + 18.913 x1 x2^2 x3 - 11.386 x1 x2^2 + 2.266 x1 x2 x3^3 + 8.674 x1 x2 x3^2 + 1.237 x1 x2 x3 x4 - 52.009 x1 x2 x3 + 26.639 x1 x2 - 1.215 x1 x3^3 x4 - 15.112 x1 x3^2 + 48.314 x1 x3 - 23.202 x1 - 1.177 x2^2 x3^2 x4 + 5.394 x2^2 x3^2 - 6.165 x2^2 x3 x4 - 12.921 x2^2 x3 + 3.864 x2^2 x4 + 6.171 x2^2 - 2.833 x2 x3^3 + 1.928 x2 x3^2 x4 - 17.022 x2 x3^2 - 4.836 x2 x3 x4^2 + 19.780 x2 x3 x4 + 38.025 x2 x3 - 8.221 x2 x4 - 16.803 x2 + 1.519 x3^3 x4 + 2.522 x3^3 - 1.922 x3^2 x4^2 + 17.893 x3^2 + 8.503 x3 x4^2 - 22.974 x3 x4 - 32.545 x3 - 2.209 x4^3 + 2.620 x4^2 + 6.139 x4 + 13.986,SSA omega=10000 R=1 seed=2,10000.0,1,2,280,0.01,10,5
dx2/dt,False,64,0,18.361925118940903,-2.183 x1^4 - 2.192 x1^3 x2 - 1.239 x1^3 x3 + 8.320 x1^3 - 1.186 x1^2 x2^2 + 2.225 x1^2 x2 x3 + 1.586 x1^2 x2 x4 + 5.135 x1^2 x2 - 1.087 x1^2 x3^3 + 5.258 x1^2 x3^2 - 4.462 x1^2 x3 - 11.618 x1^2 - 1.581 x1 x2^3 x3 + 1.804 x1 x2^3 - 1.841 x1 x2^2 x3^2 + 15.025 x1 x2^2 x3 + 3.673 x1 x2^2 x4 - 13.442 x1 x2^2 + 4.108 x1 x2 x3^3 - 37.620 x1 x2 x3 - 9.909 x1 x2 x4 + 29.920 x1 x2 + 1.214 x1 x3^4 - 1.059 x1 x3^3 x4 - 8.271 x1 x3^3 + 1.493 x1 x3^2 + 2.107 x1 x3 x4 + 32.206 x1 x3 + 1.041 x1 x4^2 + 6.655 x1 x4 - 22.659 x1 - 2.879 x2^4 x3 + 1.993 x2^4 + 25.471 x2^3 x3 - 1.804 x2^3 x4 - 17.102 x2^3 + 4.086 x2^2 x3^3 - 1.815 x2^2 x3^2 x4 - 4.269 x2^2 x3^2 - 5.792 x2^2 x3 x4 - 83.681 x2^2 x3 - 2.852 x2^2 x4^2 + 11.503 x2^2 x4 + 55.969 x2^2 - 23.995 x2 x3^3 + 5.168 x2 x3^2 x4 + 32.636 x2 x3^2 - 7.003 x2 x3 x4^2 + 20.005 x2 x3 x4 + 110.535 x2 x3 + 6.723 x2 x4^2 - 25.834 x2 x4 - 81.252 x2 - 6.212 x3^5 + 19.981 x3^4 + 3.364 x3^3 x4 + 6.479 x3^3 - 8.696 x3^2 x4 - 33.044 x3^2 + 10.461 x3 x4^2 - 22.315 x3 x4 - 45.324 x3 - 1.566 x4^3 - 4.936 x4^2 + 20.526 x4 + 43.392,SSA omega=10000 R=1 seed=2,10000.0,1,2,280,0.01,10,5
dx3/dt,False,64,0,18.361925118940903,2.183 x1^4 + 2.192 x1^3 x2 + 1.239 x1^3 x3 - 8.320 x1^3 + 1.186 x1^2 x2^2 - 2.225 x1^2 x2 x3 - 1.586 x1^2 x2 x4 - 5.135 x1^2 x2 + 1.087 x1^2 x3^3 - 5.258 x1^2 x3^2 + 4.462 x1^2 x3 + 11.618 x1^2 + 1.581 x1 x2^3 x3 - 1.804 x1 x2^3 + 1.841 x1 x2^2 x3^2 - 15.025 x1 x2^2 x3 - 3.673 x1 x2^2 x4 + 13.442 x1 x2^2 - 4.108 x1 x2 x3^3 + 37.620 x1 x2 x3 + 9.909 x1 x2 x4 - 29.920 x1 x2 - 1.214 x1 x3^4 + 1.059 x1 x3^3 x4 + 8.271 x1 x3^3 - 1.493 x1 x3^2 - 2.107 x1 x3 x4 - 32.206 x1 x3 - 1.041 x1 x4^2 - 6.655 x1 x4 + 22.659 x1 + 2.879 x2^4 x3 - 1.993 x2^4 - 25.471 x2^3 x3 + 1.804 x2^3 x4 + 17.102 x2^3 - 4.086 x2^2 x3^3 + 1.815 x2^2 x3^2 x4 + 4.269 x2^2 x3^2 + 5.792 x2^2 x3 x4 + 83.681 x2^2 x3 + 2.852 x2^2 x4^2 - 11.503 x2^2 x4 - 55.969 x2^2 + 23.995 x2 x3^3 - 5.168 x2 x3^2 x4 - 32.636 x2 x3^2 + 7.003 x2 x3 x4^2 - 20.005 x2 x3 x4 - 110.535 x2 x3 - 6.723 x2 x4^2 + 25.834 x2 x4 + 81.252 x2 + 6.212 x3^5 - 19.981 x3^4 - 3.364 x3^3 x4 - 6.479 x3^3 + 8.696 x3^2 x4 + 33.044 x3^2 - 10.461 x3 x4^2 + 22.315 x3 x4 + 45.324 x3 + 1.566 x4^3 + 4.936 x4^2 - 20.526 x4 - 43.392,SSA omega=10000 R=1 seed=2,10000.0,1,2,280,0.01,10,5
dx4/dt,True,0,0,0.0015238852448156,1.507 x3,SSA omega=10000 R=1 seed=2,10000.0,1,2,280,0.01,10,5
dx1/dt,True,0,0,0.0110893549723235,-2.101 x1 x2 + 1.104 x3,SSA omega=100000 R=1 seed=0,100000.0,1,0,280,0.01,10,5
dx2/dt,False,7,1,0.2327257961954232,-1.037 x1^2 x2 + 1.161 x1^2 - 1.566 x1 x2 x4 + 1.854 x1 x4 - 3.305 x1 - 1.311 x2 + 2.003 x3 + 1.734,SSA omega=100000 R=1 seed=0,100000.0,1,0,280,0.01,10,5
dx3/dt,False,7,1,0.2327257961954232,1.037 x1^2 x2 - 1.161 x1^2 + 1.566 x1 x2 x4 - 1.854 x1 x4 + 3.305 x1 + 1.311 x2 - 2.003 x3 - 1.734,SSA omega=100000 R=1 seed=0,100000.0,1,0,280,0.01,10,5
dx4/dt,True,0,0,0.0037765851719338,1.515 x3,SSA omega=100000 R=1 seed=0,100000.0,1,0,280,0.01,10,5
dx1/dt,True,0,0,0.0152192074388871,-2.133 x1 x2 + 1.118 x3,SSA omega=100000 R=1 seed=1,100000.0,1,1,280,0.01,10,5
dx2/dt,True,0,0,0.1717882124004994,-2.236 x1 x2 + 3.059 x3,SSA omega=100000 R=1 seed=1,100000.0,1,1,280,0.01,10,5
dx3/dt,True,0,0,0.1717882124004994,2.236 x1 x2 - 3.059 x3,SSA omega=100000 R=1 seed=1,100000.0,1,1,280,0.01,10,5
dx4/dt,True,0,0,0.0017889087656529,1.512 x3,SSA omega=100000 R=1 seed=1,100000.0,1,1,280,0.01,10,5
dx1/dt,True,0,0,0.0072673871295705,-2.140 x1 x2 + 1.109 x3,SSA omega=100000 R=1 seed=2,100000.0,1,2,280,0.01,10,5
dx2/dt,False,18,1,0.4059946530105056,-1.513 x1^2 x2 x3 + 1.047 x1^2 x2 + 1.793 x1^2 x3 - 1.241 x1^2 + 1.031 x1 x2 x3 x4 - 3.153 x1 x2 x4 - 1.262 x1 x2 - 1.011 x1 x3 x4 - 1.196 x1 x4^2 + 3.802 x1 x4 - 1.289 x2 x3 x4 + 2.342 x2 x3 - 1.039 x2 x4^2 + 3.941 x2 x4 - 3.256 x2 + 1.383 x3 x4 + 1.494 x4^2 - 4.835 x4 + 3.665,SSA omega=100000 R=1 seed=2,100000.0,1,2,280,0.01,10,5
dx3/dt,False,18,1,0.4059946530105056,1.513 x1^2 x2 x3 - 1.047 x1^2 x2 - 1.793 x1^2 x3 + 1.241 x1^2 - 1.031 x1 x2 x3 x4 + 3.153 x1 x2 x4 + 1.262 x1 x2 + 1.011 x1 x3 x4 + 1.196 x1 x4^2 - 3.802 x1 x4 + 1.289 x2 x3 x4 - 2.342 x2 x3 + 1.039 x2 x4^2 - 3.941 x2 x4 + 3.256 x2 - 1.383 x3 x4 - 1.494 x4^2 + 4.835 x4 - 3.665,SSA omega=100000 R=1 seed=2,100000.0,1,2,280,0.01,10,5
dx4/dt,True,0,0,0.0017889087656529,1.512 x3,SSA omega=100000 R=1 seed=2,100000.0,1,2,280,0.01,10,5
dx1/dt,True,0,0,0.0047582724928261,-2.127 x1 x2 + 1.096 x3,SSA omega=1e+06 R=1 seed=0,1000000.0,1,0,280,0.01,10,5
dx2/dt,True,0,0,0.0025605301803668,-2.130 x1 x2 + 2.605 x3,SSA omega=1e+06 R=1 seed=0,1000000.0,1,0,280,0.01,10,5
dx3/dt,True,0,0,0.0025605301803668,2.130 x1 x2 - 2.605 x3,SSA omega=1e+06 R=1 seed=0,1000000.0,1,0,280,0.01,10,5
dx4/dt,True,0,0,0.0004637911614655,1.510 x3,SSA omega=1e+06 R=1 seed=0,1000000.0,1,0,280,0.01,10,5
dx1/dt,True,0,0,0.007046602012277,-2.130 x1 x2 + 1.109 x3,SSA omega=1e+06 R=1 seed=1,1000000.0,1,1,280,0.01,10,5
dx2/dt,True,0,0,0.003240708818865,-2.131 x1 x2 + 2.619 x3,SSA omega=1e+06 R=1 seed=1,1000000.0,1,1,280,0.01,10,5
dx3/dt,True,0,0,0.003240708818865,2.131 x1 x2 - 2.619 x3,SSA omega=1e+06 R=1 seed=1,1000000.0,1,1,280,0.01,10,5
dx4/dt,True,0,0,0.0004637911614655,1.510 x3,SSA omega=1e+06 R=1 seed=1,1000000.0,1,1,280,0.01,10,5
dx1/dt,True,0,0,0.0035583838535978,-2.117 x1 x2 + 1.098 x3,SSA omega=1e+06 R=1 seed=2,1000000.0,1,2,280,0.01,10,5
dx2/dt,True,0,0,0.0035583838535978,-2.117 x1 x2 + 2.608 x3,SSA omega=1e+06 R=1 seed=2,1000000.0,1,2,280,0.01,10,5
dx3/dt,True,0,0,0.0035583838535978,2.117 x1 x2 - 2.608 x3,SSA omega=1e+06 R=1 seed=2,1000000.0,1,2,280,0.01,10,5
dx4/dt,True,0,0,0.0004637911614655,1.510 x3,SSA omega=1e+06 R=1 seed=2,1000000.0,1,2,280,0.01,10,5
dx1/dt,True,0,0,0.0006901311249138,-2.124 x1 x2 + 1.102 x3,deterministic (ODE),inf,0,-1,280,0.01,10,5
dx2/dt,True,0,0,0.000207101705765,-2.125 x1 x2 + 2.611 x3,deterministic (ODE),inf,0,-1,280,0.01,10,5
dx3/dt,True,0,0,0.000207101705765,2.125 x1 x2 - 2.611 x3,deterministic (ODE),inf,0,-1,280,0.01,10,5
dx4/dt,True,0,0,0.0004637911614655,1.510 x3,deterministic (ODE),inf,0,-1,280,0.01,10,5
